tanggal_rilis,jam_rilis,judul_berita,link
2014-10-01T00:00:00Z,1899-12-31T09:27:56Z,Kerugian Kebakaran di Jakbar Capai Rp 24 Miliar,https://beritajakarta.com/read/5286/Kerugian_Kebakaran_di_Jakbar_Capai_Rp_24_Miliar
2014-10-01T00:00:00Z,1899-12-31T11:10:10Z,Anak Putus Sekolah Ikuti Kursus Mengemudi,https://beritajakarta.com/read/5291/Anak_Putus_Sekolah_Ikuti_Kursus_Mengemudi
2014-10-01T00:00:00Z,1899-12-31T12:28:34Z,40 Bangunan Liar di Kalibaru Segera Ditertibkan,https://beritajakarta.com/read/5293/40_Bangunan_Liar_di_Kalibaru_Segera_Ditertibkan
2014-10-01T00:00:00Z,1899-12-31T12:47:48Z,"Jokowi Mundur, Ahok Jadi Plt Gubernur","https://beritajakarta.com/read/5292/Jokowi_Mundur,_Ahok_Jadi_Plt_Gubernur"
2014-10-01T00:00:00Z,1899-12-31T01:08:24Z,DKI Akan Buat 3.620 Sumur Resapan,https://beritajakarta.com/read/5294/DKI_Akan_Buat_3.620_Sumur_Resapan
2014-10-01T00:00:00Z,1899-12-31T02:05:24Z,DKI Kerjasama dengan Kemenhub dan PT KAI,https://beritajakarta.com/read/5295/DKI_Kerjasama_dengan_Kemenhub_dan_PT_KAI
2014-10-01T00:00:00Z,1899-12-31T02:45:23Z,2 Orang Terluka Tertimpa Tiang Penyangga Crane,https://beritajakarta.com/read/5298/2_Orang_Terluka_Tertimpa_Tiang_Penyangga_Crane
2014-10-01T00:00:00Z,1899-12-31T03:13:30Z,Distamkam DKI Akan Manfaatkan Proyek MRT,https://beritajakarta.com/read/5299/Distamkam_DKI_Akan_Manfaatkan_Proyek_MRT
2014-10-01T00:00:00Z,1899-12-31T03:30:17Z,"Tewaskan 6 Ribu Orang, Ahok Minta Lintasan KA Ditutup","https://beritajakarta.com/read/5300/Tewaskan_6_Ribu_Orang,_Ahok_Minta_Lintasan_KA_Ditutup"
2014-10-01T00:00:00Z,1899-12-31T04:10:16Z,"Pasokan BBM Terhenti, Kapal Dishub Stop Operasi","https://beritajakarta.com/read/5301/Pasokan_BBM_Terhenti,_Kapal_Dishub_Stop_Operasi"
2014-10-01T00:00:00Z,1899-12-31T04:50:46Z,Pemakaman di DKI Akan Gunakan Sistem Online,https://beritajakarta.com/read/5304/Pemakaman_di_DKI_Akan_Gunakan_Sistem_Online
2014-10-01T00:00:00Z,1899-12-31T05:09:25Z,Lampu Jalan Banyak yang Padam,https://beritajakarta.com/read/5296/Lampu_Jalan_Banyak_yang_Padam
2014-10-01T00:00:00Z,1899-12-31T05:40:36Z,Polres Jakbar Ciduk 122 Preman,https://beritajakarta.com/read/5309/Polres_Jakbar_Ciduk_122_Preman
2014-10-01T00:00:00Z,1899-12-31T06:10:40Z,Anggaran Sewa Pengacara Dimasukkan dalam RAPBD 2015,https://beritajakarta.com/read/5308/Anggaran_Sewa_Pengacara_Dimasukkan_dalam_RAPBD_2015
2014-10-01T00:00:00Z,1899-12-31T06:56:04Z,"Sea World Ditutup, Pengunjung Kembalikan Tiket","https://beritajakarta.com/read/5306/Sea_World_Ditutup,_Pengunjung_Kembalikan_Tiket"
2014-10-01T00:00:00Z,1899-12-31T07:14:08Z,2 Puskesmas di Jakbar Siap Jadi Rumah Sakit,https://beritajakarta.com/read/5311/2_Puskesmas_di_Jakbar_Siap_Jadi_Rumah_Sakit
2014-10-01T00:00:00Z,1899-12-31T07:47:47Z,Sudin Dikmen Jakbar Kembalikan Anggaran Rp 77 M,https://beritajakarta.com/read/5312/Sudin_Dikmen_Jakbar_Kembalikan_Anggaran_Rp_77_M
2014-10-01T00:00:00Z,1899-12-31T08:01:53Z,Penjualan Hewan Kurban Akan Dipusatkan di Cakung,https://beritajakarta.com/read/5313/Penjualan_Hewan_Kurban_Akan_Dipusatkan_di_Cakung
2014-10-01T00:00:00Z,1899-12-31T09:20:23Z,Pedagang di PIK Cakung Butuh Sarana Promosi,https://beritajakarta.com/read/5305/Pedagang_di_PIK_Cakung_Butuh_Sarana_Promosi
2014-10-02T00:00:00Z,1899-12-31T08:47:53Z,"Jakarta Cerah, Bogor Hujan Ringan","https://beritajakarta.com/read/5315/Jakarta_Cerah,_Bogor_Hujan_Ringan"
2014-10-02T00:00:00Z,1899-12-31T12:47:12Z,25 Bangunan Liar di Pancoran Dibongkar,https://beritajakarta.com/read/5316/25_Bangunan_Liar_di_Pancoran_Dibongkar
2014-10-02T00:00:00Z,1899-12-31T01:58:02Z,"Anggaran Pakaian Dinas DPRD DKI Rp 1,3 Miliar","https://beritajakarta.com/read/5317/Anggaran_Pakaian_Dinas_DPRD_DKI_Rp_1,3_Miliar"
2014-10-02T00:00:00Z,1899-12-31T02:23:33Z,Ahok Yakin Pengunduran Diri Jokowi Berjalan Mulus,https://beritajakarta.com/read/5320/Ahok_Yakin_Pengunduran_Diri_Jokowi_Berjalan_Mulus
2014-10-02T00:00:00Z,1899-12-31T02:40:47Z,"Mau Peras Pejabat, Anggota KPK Gadungan Ditangkap","https://beritajakarta.com/read/5319/Mau_Peras_Pejabat,_Anggota_KPK_Gadungan_Ditangkap"
2014-10-02T00:00:00Z,1899-12-31T03:11:59Z,44 PMKS di Jakbar Kembali Terjaring,https://beritajakarta.com/read/5325/44_PMKS_di_Jakbar_Kembali_Terjaring_
2014-10-02T00:00:00Z,1899-12-31T03:45:08Z,Perusahaan Jepang Berminat Bangun 6 Ruas Tol,https://beritajakarta.com/read/5326/Perusahaan_Jepang_Berminat_Bangun_6_Ruas_Tol
2014-10-02T00:00:00Z,1899-12-31T04:05:08Z,514 Kendaraan Terjaring Razia,https://beritajakarta.com/read/5327/514_Kendaraan_Terjaring_Razia
2014-10-02T00:00:00Z,1899-12-31T04:37:06Z,Lahan Parkir Museum Bahari Akan Diperluas,https://beritajakarta.com/read/5323/Lahan_Parkir_Museum_Bahari_Akan_Diperluas
2014-10-02T00:00:00Z,1899-12-31T05:05:44Z,"Bacakan Surat Pengunduran Diri, Jokowi Minta Maaf","https://beritajakarta.com/read/5331/Bacakan_Surat_Pengunduran_Diri,_Jokowi_Minta_Maaf"
2014-10-02T00:00:00Z,1899-12-31T05:25:16Z,"Sembilan Bulan, 1.204 PMKS Terjaring Razia","https://beritajakarta.com/read/5324/Sembilan_Bulan,_1.204_PMKS_Terjaring_Razia"
2014-10-02T00:00:00Z,1899-12-31T05:55:30Z,Muhammadiyah Gelar Shalat Ied di 120 Titik,https://beritajakarta.com/read/5330/Muhammadiyah_Gelar_Shalat_Ied_di_120_Titik
2014-10-02T00:00:00Z,1899-12-31T06:36:21Z,10 Siswa SMAN 55 Keracunan Bubur Ayam,https://beritajakarta.com/read/5339/10_Siswa_SMAN_55_Keracunan_Bubur_Ayam
2014-10-02T00:00:00Z,1899-12-31T06:55:03Z,Rehab Kantor Lurah dan Camat di Jakbar Dikebut,https://beritajakarta.com/read/5335/Rehab_Kantor_Lurah_dan_Camat_di_Jakbar_Dikebut
2014-10-02T00:00:00Z,1899-12-31T07:16:10Z,Ketua DPRD DKI Yakin Pengunduran Diri Jokowi Tak Akan Dihambat,https://beritajakarta.com/read/5338/Ketua_DPRD_DKI_Yakin_Pengunduran_Diri_Jokowi_Tak_Akan_Dihambat
2014-10-02T00:00:00Z,1899-12-31T07:36:57Z,812 Apotek di Jaktim Tak Berizin,https://beritajakarta.com/read/5333/812_Apotek_di_Jaktim_Tak_Berizin
2014-10-02T00:00:00Z,1899-12-31T07:50:54Z,Fasad Balaikota Runtuh Karena Faktor Alam,https://beritajakarta.com/read/5341/Fasad_Balaikota_Runtuh_Karena_Faktor_Alam
2014-10-02T00:00:00Z,1899-12-31T08:13:32Z,20 Bangunan di Matraman Segera Dibongkar,https://beritajakarta.com/read/5321/20_Bangunan_di_Matraman_Segera_Dibongkar
2014-10-02T00:00:00Z,1899-12-31T08:25:25Z,Pembagian Daging Kurban di Istiqlal Tak Gunakan Kupon,https://beritajakarta.com/read/5342/Pembagian_Daging_Kurban_di_Istiqlal_Tak_Gunakan_Kupon
2014-10-02T00:00:00Z,1899-12-31T08:45:17Z,2.338 Ekor Hewan Kurban Diperiksa Kesehatan,https://beritajakarta.com/read/5329/2.338_Ekor_Hewan_Kurban_Diperiksa_Kesehatan
2014-10-02T00:00:00Z,1899-12-31T09:08:36Z,DKI Belum Rencanakan Kembali Tertibkan Pedagang Hewan Kurban,https://beritajakarta.com/read/5332/DKI_Belum_Rencanakan_Kembali_Tertibkan_Pedagang_Hewan_Kurban
2014-10-02T00:00:00Z,1899-12-31T09:17:45Z,4 Sungai Berpotensi Jadi Sumber Air Minum,https://beritajakarta.com/read/5318/4_Sungai_Berpotensi_Jadi_Sumber_Air_Minum
2014-10-03T00:00:00Z,1899-12-31T12:35:04Z,Pusat Jajanan Ikan di Pulau Untung Jawa Terbengkalai,https://beritajakarta.com/read/5337/Pusat_Jajanan_Ikan_di_Pulau_Untung_Jawa_Terbengkalai
2014-10-03T00:00:00Z,1899-12-31T09:16:48Z,Pasar Slipi Jaya Butuh Perbaikan,https://beritajakarta.com/read/5340/Pasar_Slipi_Jaya_Butuh_Perbaikan
2014-10-03T00:00:00Z,1899-12-31T01:38:56Z,Hewan Kurban di Bawah Umur Diperdagangkan,https://beritajakarta.com/read/5350/Hewan_Kurban_di_Bawah_Umur_Diperdagangkan
2014-10-03T00:00:00Z,1899-12-31T02:05:01Z,650 Satpol PP Siaga Antisipasi Demo Forkabi,https://beritajakarta.com/read/5351/650_Satpol_PP_Siaga_Antisipasi_Demo_Forkabi__
2014-10-03T00:00:00Z,1899-12-31T02:51:03Z,"Cegah PKL Liar, Pengelola Monas Terus Berbenah","https://beritajakarta.com/read/5353/Cegah_PKL_Liar,_Pengelola_Monas_Terus_Berbenah"
2014-10-03T00:00:00Z,1899-12-31T03:22:10Z,"Saat Shalat Jumat, Bedeng Masjid Terbakar","https://beritajakarta.com/read/5355/Saat_Shalat_Jumat,_Bedeng_Masjid_Terbakar"
2014-10-03T00:00:00Z,1899-12-31T03:30:16Z,"Demo FPI Ricuh, Anggota Polisi Terluka","https://beritajakarta.com/read/5358/Demo_FPI_Ricuh,_Anggota_Polisi_Terluka"
2014-10-03T00:00:00Z,1899-12-31T03:59:06Z,"Massa Dipukul Mundur, Situasi Balaikota Kembali Kondusif","https://beritajakarta.com/read/5359/Massa_Dipukul_Mundur,_Situasi_Balaikota_Kembali_Kondusif"
2014-10-03T00:00:00Z,1899-12-31T04:19:38Z,Pendapatan Parkir di DKI Naik Rp 6 juta,https://beritajakarta.com/read/5352/Pendapatan_Parkir_di_DKI_Naik_Rp_6_juta
2014-10-03T00:00:00Z,1899-12-31T04:42:00Z,"Demo Ricuh, 20 Anggota FPI Ditangkap","https://beritajakarta.com/read/5362/Demo_Ricuh,_20_Anggota_FPI_Ditangkap"
2014-10-03T00:00:00Z,1899-12-31T05:12:48Z,Kapolda Jenguk Belasan Polisi yang Terluka,https://beritajakarta.com/read/5364/Kapolda_Jenguk_Belasan_Polisi_yang_Terluka
2014-10-03T00:00:00Z,1899-12-31T05:22:24Z,Polisi Sita Kotoran Hewan dari Pendemo,https://beritajakarta.com/read/5365/Polisi_Sita_Kotoran_Hewan_dari_Pendemo
2014-10-03T00:00:00Z,1899-12-31T06:15:25Z,"Kena Lemparan Batu, Mobil Anggota Dewan Rusak","https://beritajakarta.com/read/5369/Kena_Lemparan_Batu,_Mobil_Anggota_Dewan_Rusak"
2014-10-03T00:00:00Z,1899-12-31T06:42:33Z,33.741 Ekor Hewan Kurban Diperiksa Kesehatan,https://beritajakarta.com/read/5363/33.741_Ekor_Hewan_Kurban_Diperiksa_Kesehatan
2014-10-03T00:00:00Z,1899-12-31T07:13:37Z,Sampah Menumpuk di Bantaran Rel Stasiun Angke,https://beritajakarta.com/read/5349/Sampah_Menumpuk_di_Bantaran_Rel_Stasiun_Angke
2014-10-03T00:00:00Z,1899-12-31T07:27:18Z,2 Blok Rusunawa Muara Baru Rampung Pekan Depan,https://beritajakarta.com/read/5357/2_Blok_Rusunawa_Muara_Baru_Rampung_Pekan_Depan
2014-10-03T00:00:00Z,1899-12-31T07:51:38Z,Jokowi Kurban 20 Sapi dan 44 Kambing,https://beritajakarta.com/read/5356/Jokowi_Kurban_20_Sapi_dan_44_Kambing
2014-10-03T00:00:00Z,1899-12-31T08:03:38Z,Belasan Rambu Lalu Lintas Laut Tidak Berfungsi,https://beritajakarta.com/read/5370/Belasan_Rambu_Lalu_Lintas_Laut_Tidak_Berfungsi
2014-10-03T00:00:00Z,1899-12-31T11:26:53Z,Taman Kota Pinang Ranti Jadi TPS Liar,https://beritajakarta.com/read/5360/Taman_Kota_Pinang_Ranti_Jadi_TPS_Liar
2014-10-03T00:00:00Z,1899-12-31T11:41:12Z,37 Ibu Hamil di Jakbar Positif HIV/AIDS,https://beritajakarta.com/read/5354/37_Ibu_Hamil_di_Jakbar_Positif_HIV/AIDS
2014-10-03T00:00:00Z,1899-12-31T11:50:25Z,Polisi Jemput Korlap Demo Rusuh di DPRD DKI,https://beritajakarta.com/read/5371/Polisi_Jemput_Korlap_Demo_Rusuh_di_DPRD_DKI
2014-10-04T00:00:00Z,1899-12-31T12:01:50Z,Pencari Kerja di Jakbar Diberi Pelatihan,https://beritajakarta.com/read/5361/Pencari_Kerja_di_Jakbar_Diberi_Pelatihan
2014-10-04T00:00:00Z,1899-12-31T09:16:14Z,Api di Basement DPRD DKI Berhasil Dipadamkan,https://beritajakarta.com/read/5373/Api_di_Basement_DPRD_DKI_Berhasil_Dipadamkan
2014-10-04T00:00:00Z,1899-12-31T02:26:49Z,"Pasca Kebakaran, Gedung DPRD DKI Sudah Kondusif","https://beritajakarta.com/read/5374/Pasca_Kebakaran,_Gedung_DPRD_DKI_Sudah_Kondusif"
2014-10-04T00:00:00Z,1899-12-31T03:18:18Z,DKI Siapkan 1.250 Kupon Daging Kurban,https://beritajakarta.com/read/5377/DKI_Siapkan_1.250_Kupon_Daging_Kurban
2014-10-04T00:00:00Z,1899-12-31T04:33:19Z,"Besok, Said Agil Pimpin Shalat Idul Adha di Balaikota","https://beritajakarta.com/read/5378/Besok,_Said_Agil_Pimpin_Shalat_Idul_Adha_di_Balaikota"
2014-10-04T00:00:00Z,1899-12-31T06:33:01Z,"3 Rumah Petak Terbakar, 1 Warga Terluka","https://beritajakarta.com/read/5382/3_Rumah_Petak_Terbakar,_1_Warga_Terluka"
2014-10-04T00:00:00Z,1899-12-31T07:22:51Z,Penjual Kulit Ketupat Diserbu Pembeli,https://beritajakarta.com/read/5375/Penjual_Kulit_Ketupat_Diserbu_Pembeli
2014-10-04T00:00:00Z,1899-12-31T07:41:02Z,Ahli Waris TPU Kapuk Teko Akan Datangi Balaikota,https://beritajakarta.com/read/5380/Ahli_Waris_TPU_Kapuk_Teko_Akan_Datangi_Balaikota
2014-10-04T00:00:00Z,1899-12-31T08:01:13Z,Hunian Liar di Kolong Jembatan Diminta Ditertibkan,https://beritajakarta.com/read/5381/Hunian_Liar_di_Kolong_Jembatan_Diminta_Ditertibkan
2014-10-05T00:00:00Z,1899-12-31T10:46:06Z,Jokowi Serahkan 4 Ekor Sapi ke Warga Manggarai,https://beritajakarta.com/read/5383/Jokowi_Serahkan_4_Ekor_Sapi_ke_Warga_Manggarai
2014-10-05T00:00:00Z,1899-12-31T12:48:40Z,"Lamborghini Hotman Paris Tabrak Mobil Boks, Satu Tewas","https://beritajakarta.com/read/5385/Lamborghini_Hotman_Paris_Tabrak_Mobil_Boks,_Satu_Tewas"
2014-10-05T00:00:00Z,1899-12-31T01:08:09Z,Sapi Kurban Jokowi Didatangkan dari NTT,https://beritajakarta.com/read/5384/Sapi_Kurban_Jokowi_Didatangkan_dari_NTT
2014-10-05T00:00:00Z,1899-12-31T01:50:02Z,Jokowi Bawa Sapi Berkulit Hitam ke Kapuk Muara,https://beritajakarta.com/read/5388/Jokowi_Bawa_Sapi_Berkulit_Hitam_ke_Kapuk_Muara
2014-10-05T00:00:00Z,1899-12-31T02:16:52Z,Ini Kronologi Kecelakaan Lamborghini Hotman Paris,https://beritajakarta.com/read/5389/Ini_Kronologi_Kecelakaan_Lamborghini_Hotman_Paris
2014-10-05T00:00:00Z,1899-12-31T02:30:31Z,Pemprov DKI Sumbang 80 Ekor Sapi,https://beritajakarta.com/read/5390/Pemprov_DKI_Sumbang_80_Ekor_Sapi_
2014-10-05T00:00:00Z,1899-12-31T03:14:39Z,3 Sapi di Jakpus Mengandung Cacing Pita,https://beritajakarta.com/read/5391/3_Sapi_di_Jakpus_Mengandung_Cacing_Pita
2014-10-05T00:00:00Z,1899-12-31T04:10:10Z,Pemkot Jaktim Bagikan 500 Kantong Daging Kurban,https://beritajakarta.com/read/5394/Pemkot_Jaktim_Bagikan_500_Kantong_Daging_Kurban
2014-10-05T00:00:00Z,1899-12-31T04:49:57Z,Sudin Dikmen dan Dikdas Akan Digabung,https://beritajakarta.com/read/5395/Sudin_Dikmen_dan_Dikdas_Akan_Digabung
2014-10-05T00:00:00Z,1899-12-31T05:11:45Z,Gedung Baru Pemkot Jakpus Rampung 2015,https://beritajakarta.com/read/5393/Gedung_Baru_Pemkot_Jakpus_Rampung_2015
2014-10-05T00:00:00Z,1899-12-31T06:15:05Z,Disnakertrans Kirim 10 KK ke Sulawesi,https://beritajakarta.com/read/5392/Disnakertrans_Kirim_10_KK_ke_Sulawesi
2014-10-06T00:00:00Z,1899-12-31T09:37:57Z,8 Rumah dan 4 Motor Terbakar di Jatinegara,https://beritajakarta.com/read/5396/8_Rumah_dan_4_Motor_Terbakar_di_Jatinegara
2014-10-06T00:00:00Z,1899-12-31T10:35:00Z,Kemacetan di Pondok Labu Makin Parah,https://beritajakarta.com/read/5397/Kemacetan_di_Pondok_Labu_Makin_Parah
2014-10-06T00:00:00Z,1899-12-31T11:31:55Z,Pengamanan Balaikota dan DPRD Diperketat,https://beritajakarta.com/read/5398/Pengamanan_Balaikota_dan_DPRD_Diperketat
2014-10-06T00:00:00Z,1899-12-31T11:44:28Z,Pimpinan DPRD dan Fraksi Gelar Rapat Informal,https://beritajakarta.com/read/5399/Pimpinan_DPRD_dan_Fraksi_Gelar_Rapat_Informal
2014-10-06T00:00:00Z,1899-12-31T01:10:30Z,Puluhan Rumah di Belakang Depo Pertamina Terbakar,https://beritajakarta.com/read/5404/Puluhan_Rumah_di_Belakang_Depo_Pertamina_Terbakar
2014-10-06T00:00:00Z,1899-12-31T01:54:20Z,Parkir Liar di Taman Menteng Akan Ditertibkan,https://beritajakarta.com/read/5401/Parkir_Liar_di_Taman_Menteng_Akan_Ditertibkan
2014-10-06T00:00:00Z,1899-12-31T02:11:09Z,Pasar Slipi Akan Dilengkapi Rusunawa,https://beritajakarta.com/read/5407/Pasar_Slipi_Akan_Dilengkapi_Rusunawa
2014-10-06T00:00:00Z,1899-12-31T03:12:23Z,DKI-Bodetabek Sepakat Tanggulangi Banjir,https://beritajakarta.com/read/5409/DKI-Bodetabek_Sepakat_Tanggulangi_Banjir
2014-10-06T00:00:00Z,1899-12-31T03:40:38Z,Ahok: Ormas Anarkis Harus Bubar,https://beritajakarta.com/read/5411/Ahok:_Ormas_Anarkis_Harus_Bubar
2014-10-06T00:00:00Z,1899-12-31T04:44:24Z,114 Warga Siap Direlokasi ke Rusun Daan Mogot,https://beritajakarta.com/read/5412/114_Warga_Siap_Direlokasi_ke_Rusun_Daan_Mogot
2014-10-06T00:00:00Z,1899-12-31T04:50:31Z,Kompleks Pengolahan Ikan Muara Angke Terbakar,https://beritajakarta.com/read/5415/Kompleks_Pengolahan_Ikan_Muara_Angke_Terbakar
2014-10-06T00:00:00Z,1899-12-31T05:06:05Z,Fraksi PPP Wakafkan Jokowi untuk Indonesia,https://beritajakarta.com/read/5416/Fraksi_PPP_Wakafkan_Jokowi_untuk_Indonesia
2014-10-06T00:00:00Z,1899-12-31T05:46:00Z,Kejari Jaktim Tahan Kontraktor Hutan Kota Ujung Menteng,https://beritajakarta.com/read/5413/Kejari_Jaktim_Tahan_Kontraktor_Hutan_Kota_Ujung_Menteng
2014-10-06T00:00:00Z,1899-12-31T06:35:28Z,Penumpang Keluhkan Pembayaran Retribusi dalam Bus,https://beritajakarta.com/read/5408/Penumpang_Keluhkan_Pembayaran_Retribusi_dalam_Bus
2014-10-06T00:00:00Z,1899-12-31T07:16:55Z,Taman Kolong Flyover Jl Teuku Nyak Arief Terbengkalai,https://beritajakarta.com/read/5418/Taman_Kolong_Flyover_Jl_Teuku_Nyak_Arief_Terbengkalai
2014-10-06T00:00:00Z,1899-12-31T07:37:20Z,Jokowi Mundur Atas Permintaan Sendiri,https://beritajakarta.com/read/5420/Jokowi_Mundur_Atas_Permintaan_Sendiri
2014-10-06T00:00:00Z,1899-12-31T08:02:54Z,"Sambut Komunitas ASEAN, DKI Undang Kemenlu","https://beritajakarta.com/read/5421/Sambut_Komunitas_ASEAN,_DKI_Undang_Kemenlu"
2014-10-06T00:00:00Z,1899-12-31T09:36:22Z,Bank DKI Buka 5 Gerai Usaha Mikro di Tangerang,https://beritajakarta.com/read/5422/Bank_DKI_Buka_5_Gerai_Usaha_Mikro_di_Tangerang
2014-10-06T00:00:00Z,1899-12-31T11:19:11Z,Pembangunan Puskesmas Tamansari Rampung Tahun 2015,https://beritajakarta.com/read/5403/Pembangunan_Puskesmas_Tamansari_Rampung__Tahun_2015
2014-10-06T00:00:00Z,1899-12-31T11:25:39Z,Loksem PKL Tegal Alur Akan Dipermanenkan,https://beritajakarta.com/read/5419/Loksem_PKL_Tegal_Alur_Akan_Dipermanenkan
2014-10-07T00:00:00Z,1899-12-31T11:29:34Z,1.000 Polisi Kawal Pemilihan Pimpinan MPR,https://beritajakarta.com/read/5423/1.000_Polisi_Kawal_Pemilihan_Pimpinan_MPR
2014-10-07T00:00:00Z,1899-12-31T12:44:00Z,DPRD Kirim Surat Pengunduran Diri Jokowi ke SBY,https://beritajakarta.com/read/5427/DPRD_Kirim_Surat_Pengunduran_Diri_Jokowi_ke_SBY
2014-10-07T00:00:00Z,1899-12-31T01:50:13Z,Mayat Wanita Mengambang di Pantai Ancol,https://beritajakarta.com/read/5425/Mayat_Wanita_Mengambang_di_Pantai_Ancol
2014-10-07T00:00:00Z,1899-12-31T02:07:05Z,Pembangunan Gedung SDN 01 & 10 Duri Kepa Dilanjutkan,https://beritajakarta.com/read/5424/Pembangunan_Gedung_SDN_01_&_10_Duri_Kepa_Dilanjutkan
2014-10-07T00:00:00Z,1899-12-31T02:39:34Z,Disdik Tunjuk Sekolah Favorit Bantu Sekolah Lain,https://beritajakarta.com/read/5429/Disdik_Tunjuk_Sekolah_Favorit_Bantu_Sekolah_Lain
2014-10-07T00:00:00Z,1899-12-31T03:12:30Z,100 Pengamen Diamankan di Jaktim,https://beritajakarta.com/read/5428/100_Pengamen_Diamankan_di_Jaktim
2014-10-07T00:00:00Z,1899-12-31T03:35:23Z,Kaki Lima Night Market Terapkan Uang Elektronik,https://beritajakarta.com/read/5431/Kaki_Lima_Night_Market_Terapkan_Uang_Elektronik
2014-10-07T00:00:00Z,1899-12-31T04:07:05Z,Pembangunan Tahap I Jalan Inspeksi KBB Rampung,https://beritajakarta.com/read/5432/Pembangunan_Tahap_I_Jalan_Inspeksi_KBB_Rampung
2014-10-07T00:00:00Z,1899-12-31T04:49:22Z,Jl Penyelesaian Tomang Diminta Diperbaiki,https://beritajakarta.com/read/5433/Jl_Penyelesaian_Tomang_Diminta_Diperbaiki
2014-10-07T00:00:00Z,1899-12-31T05:10:26Z,Serapan APBD di Jaktim Baru 30 Persen,https://beritajakarta.com/read/5426/Serapan_APBD_di_Jaktim_Baru_30_Persen
2014-10-07T00:00:00Z,1899-12-31T05:26:20Z,"Lompat dari Lantai 56, Karyawan Swasta Tewas","https://beritajakarta.com/read/5436/Lompat_dari_Lantai_56,_Karyawan_Swasta_Tewas"
2014-10-07T00:00:00Z,1899-12-31T06:08:18Z,Kolong Flyover Grogol dan Slipi Akan Dijadikan Taman,https://beritajakarta.com/read/5430/Kolong_Flyover_Grogol_dan_Slipi_Akan_Dijadikan_Taman
2014-10-07T00:00:00Z,1899-12-31T06:41:04Z,Buku Kurikulum 2013 Dilarang Diperjualbelikan,https://beritajakarta.com/read/5437/Buku_Kurikulum_2013_Dilarang_Diperjualbelikan
2014-10-07T00:00:00Z,1899-12-31T07:08:26Z,JKT48 Jadi Duta Enjoy Jakarta,https://beritajakarta.com/read/5439/JKT48_Jadi_Duta_Enjoy_Jakarta
2014-10-07T00:00:00Z,1899-12-31T07:34:02Z,Ahok Ingin Atlet DKI Berjaya di Asian Games 2018,https://beritajakarta.com/read/5440/Ahok_Ingin_Atlet_DKI_Berjaya_di_Asian_Games_2018
2014-10-07T00:00:00Z,1899-12-31T08:02:56Z,"Tingkatkan Kemampuan Anggota, TP PKK Gelar LDK","https://beritajakarta.com/read/5441/Tingkatkan_Kemampuan_Anggota,_TP_PKK_Gelar_LDK"
2014-10-07T00:00:00Z,1899-12-31T09:14:31Z,Basuki Targetkan Giant Sea Wall Tipe A Selesai 3 Tahun,https://beritajakarta.com/read/5444/Basuki_Targetkan_Giant_Sea_Wall_Tipe_A_Selesai_3_Tahun
2014-10-07T00:00:00Z,1899-12-31T11:33:15Z,Gedung Cagar Budaya Pasar Ikan Memprihatinkan,https://beritajakarta.com/read/5438/Gedung_Cagar_Budaya_Pasar_Ikan_Memprihatinkan
2014-10-07T00:00:00Z,1899-12-31T11:54:28Z,63 Bangunan Liar di Pisangan Timur Akan Dibongkar,https://beritajakarta.com/read/5435/63_Bangunan_Liar_di_Pisangan_Timur_Akan_Dibongkar
2014-10-08T00:00:00Z,1899-12-31T10:58:37Z,Job Fair Jaksel Sediakan 10 Ribu Lowongan Kerja,https://beritajakarta.com/read/5446/Job_Fair_Jaksel_Sediakan_10_Ribu_Lowongan_Kerja
2014-10-08T00:00:00Z,1899-12-31T02:00:52Z,39 Bangunan di Atas Saluran Air Dibongkar,https://beritajakarta.com/read/5451/39_Bangunan_di_Atas_Saluran_Air_Dibongkar
2014-10-08T00:00:00Z,1899-12-31T02:17:56Z,"Mobil Tangga Minim, Perbaikan PJU Terhambat","https://beritajakarta.com/read/5447/__Mobil_Tangga_Minim,_Perbaikan_PJU_Terhambat"
2014-10-08T00:00:00Z,1899-12-31T02:36:52Z,Ahok Duga PAM Jaya Suplai Air ke Industri,https://beritajakarta.com/read/5453/Ahok_Duga_PAM_Jaya_Suplai_Air_ke_Industri
2014-10-08T00:00:00Z,1899-12-31T03:05:31Z,Jalur Hijau Jl Benyamin Sueb Terbakar,https://beritajakarta.com/read/5456/Jalur_Hijau_Jl_Benyamin_Sueb_Terbakar
2014-10-08T00:00:00Z,1899-12-31T03:30:59Z,27 Gedung di Kota Tua Direvitalisasi,https://beritajakarta.com/read/5455/27_Gedung_di_Kota_Tua_Direvitalisasi
2014-10-08T00:00:00Z,1899-12-31T04:18:21Z,Ratusan Unit Rusun Marunda Disegel,https://beritajakarta.com/read/5458/Ratusan_Unit_Rusun_Marunda_Disegel
2014-10-08T00:00:00Z,1899-12-31T04:40:26Z,DKI Akan Bangun 50 SPBG Baru,https://beritajakarta.com/read/5461/DKI_Akan_Bangun_50_SPBG_Baru
2014-10-08T00:00:00Z,1899-12-31T05:05:13Z,44 Instansi Pemerintah Masih Gunakan Air Tanah,https://beritajakarta.com/read/5459/44_Instansi_Pemerintah_Masih_Gunakan_Air_Tanah
2014-10-08T00:00:00Z,1899-12-31T05:30:14Z,"Maksimalkan Parkir Meter, PKL Jl Sabang Akan Direlokasi","https://beritajakarta.com/read/5463/Maksimalkan_Parkir_Meter,_PKL_Jl_Sabang_Akan_Direlokasi"
2014-10-08T00:00:00Z,1899-12-31T06:49:40Z,Saefullah: Pengembang Jangan Cuma Janji-janji,https://beritajakarta.com/read/5460/Saefullah:_Pengembang_Jangan_Cuma_Janji-janji_
2014-10-08T00:00:00Z,1899-12-31T07:22:40Z,"Tak Berizin, Pemasangan Menara BTS Dihentikan","https://beritajakarta.com/read/5452/Tak_Berizin,_Pemasangan_Menara_BTS_Dihentikan"
2014-10-08T00:00:00Z,1899-12-31T07:45:33Z,Reklame di Jl Pluit Raya Dibongkar,https://beritajakarta.com/read/5467/Reklame_di_Jl_Pluit_Raya_Dibongkar
2014-10-08T00:00:00Z,1899-12-31T08:14:00Z,Angka Pengangguran di Jaktim Diprediksi Meningkat,https://beritajakarta.com/read/5464/Angka_Pengangguran_di_Jaktim_Diprediksi_Meningkat
2014-10-08T00:00:00Z,1899-12-31T08:20:15Z,38 Perusahaan Binaan DKI Ikuti Trade EXPO,https://beritajakarta.com/read/5448/38_Perusahaan_Binaan_DKI_Ikuti_Trade_EXPO_
2014-10-08T00:00:00Z,1899-12-31T08:50:49Z,PT Transjakarta Akan Kelola Bus Tingkat Pariwisata,https://beritajakarta.com/read/5469/PT_Transjakarta_Akan_Kelola_Bus_Tingkat_Pariwisata
2014-10-08T00:00:00Z,1899-12-31T09:00:22Z,Jalan Pos Pengumben Butuh Perbaikan,https://beritajakarta.com/read/5449/Jalan_Pos_Pengumben_Butuh_Perbaikan
2014-10-08T00:00:00Z,1899-12-31T09:20:12Z,7 Jembatan Penyeberangan Orang di Jakpus Rusak,https://beritajakarta.com/read/5468/7_Jembatan_Penyeberangan_Orang_di_Jakpus_Rusak
2014-10-08T00:00:00Z,1899-12-31T09:45:18Z,Kapolda Metro Jaya Apresiasi Penambahan CCTV di Ibu Kota,https://beritajakarta.com/read/5465/Kapolda_Metro_Jaya_Apresiasi_Penambahan_CCTV_di_Ibu_Kota
2014-10-08T00:00:00Z,1899-12-31T10:03:56Z,Bank DKI Akan Buka Layanan Prioritas,https://beritajakarta.com/read/5470/Bank_DKI_Akan_Buka_Layanan_Prioritas
2014-10-08T00:00:00Z,1899-12-31T10:20:22Z,PMKS Serbu Pemukiman di Jakbar,https://beritajakarta.com/read/5462/PMKS_Serbu_Pemukiman_di_Jakbar
2014-10-08T00:00:00Z,1899-12-31T10:30:07Z,Saluran Irigasi Pondok Randu Dikeruk,https://beritajakarta.com/read/5466/Saluran_Irigasi_Pondok_Randu_Dikeruk
2014-10-09T00:00:00Z,1899-12-31T09:04:06Z,Pekan Produk Kreatif Digelar 4 November,https://beritajakarta.com/read/5445/Pekan_Produk_Kreatif_Digelar_4_November
2014-10-09T00:00:00Z,1899-12-31T09:55:33Z,"Kebakaran di Jatinegara, Tiga Warga Terluka","https://beritajakarta.com/read/5471/Kebakaran_di_Jatinegara,_Tiga_Warga_Terluka"
2014-10-09T00:00:00Z,1899-12-31T11:25:20Z,KHL DKI 2014 Ditetapkan Pekan Ketiga Oktober,https://beritajakarta.com/read/5473/KHL_DKI_2014_Ditetapkan_Pekan_Ketiga_Oktober
2014-10-09T00:00:00Z,1899-12-31T01:05:40Z,Air Mancur Patung Kuda Diperbaiki,https://beritajakarta.com/read/5474/Air_Mancur_Patung_Kuda_Diperbaiki
2014-10-09T00:00:00Z,1899-12-31T01:20:34Z,Calo Rusunawa Marunda Diciduk Polisi,https://beritajakarta.com/read/5478/Calo_Rusunawa_Marunda_Diciduk_Polisi
2014-10-09T00:00:00Z,1899-12-31T01:55:04Z,Bus Tingkat ERP Bisa Angkut 140 Penumpang,https://beritajakarta.com/read/5479/Bus_Tingkat_ERP_Bisa_Angkut_140_Penumpang
2014-10-09T00:00:00Z,1899-12-31T02:10:41Z,Sampah Menumpuk di Jl Benyamin Sueb,https://beritajakarta.com/read/5475/Sampah_Menumpuk_di_Jl_Benyamin_Sueb
2014-10-09T00:00:00Z,1899-12-31T02:55:53Z,Penghuni Rusun Tipar Cakung Ditertibkan,https://beritajakarta.com/read/5481/Penghuni_Rusun_Tipar_Cakung_Ditertibkan
2014-10-09T00:00:00Z,1899-12-31T03:17:34Z,86 PMKS di Jaktim Diamankan,https://beritajakarta.com/read/5480/86_PMKS_di_Jaktim_Diamankan
2014-10-09T00:00:00Z,1899-12-31T03:50:45Z,Kantor Kelurahan Palmerah Diserbu Warga,https://beritajakarta.com/read/5482/Kantor_Kelurahan_Palmerah_Diserbu_Warga
2014-10-09T00:00:00Z,1899-12-31T04:13:38Z,Bursa Kerja Jaksel Sediakan Lowongan untuk Difabel,https://beritajakarta.com/read/5483/Bursa_Kerja_Jaksel_Sediakan_Lowongan_untuk_Difabel
2014-10-09T00:00:00Z,1899-12-31T04:41:42Z,"Walhi Diminta Kasih Solusi, Jangan Cuma Kritik","https://beritajakarta.com/read/5484/Walhi_Diminta_Kasih_Solusi,_Jangan_Cuma_Kritik"
2014-10-09T00:00:00Z,1899-12-31T05:13:22Z,Pemerintah Pusat Diminta Buat Hunian Bagi Warga Pesisir Jakarta,https://beritajakarta.com/read/5487/Pemerintah_Pusat_Diminta_Buat_Hunian_Bagi_Warga_Pesisir_Jakarta
2014-10-09T00:00:00Z,1899-12-31T05:44:06Z,387 Titik Taman dan Makam di DKI Tanpa Penerangan,https://beritajakarta.com/read/5486/387_Titik_Taman_dan_Makam_di_DKI_Tanpa_Penerangan
2014-10-09T00:00:00Z,1899-12-31T06:54:02Z,Nilai Ekspor Produk Jaktim Turun 40 Persen,https://beritajakarta.com/read/5477/Nilai_Ekspor_Produk_Jaktim_Turun_40_Persen
2014-10-09T00:00:00Z,1899-12-31T07:33:49Z,Benda Mirip Bom Rakitan Diamankan Gegana,https://beritajakarta.com/read/5491/Benda_Mirip_Bom_Rakitan_Diamankan_Gegana
2014-10-09T00:00:00Z,1899-12-31T07:50:43Z,Rehab SMAN 19 Terkendala Status Cagar Budaya,https://beritajakarta.com/read/5489/Rehab_SMAN_19_Terkendala_Status_Cagar_Budaya
2014-10-09T00:00:00Z,1899-12-31T08:00:49Z,Proyek Tanggul Raksasa Digarap Tiga Tahap,https://beritajakarta.com/read/5493/Proyek_Tanggul_Raksasa_Digarap_Tiga_Tahap
2014-10-09T00:00:00Z,1899-12-31T11:35:46Z,Ahok Minta Polisi Usut Penyandang Dana Demo FPI,https://beritajakarta.com/read/5490/Ahok_Minta_Polisi_Usut_Penyandang_Dana_Demo_FPI
2014-10-10T00:00:00Z,1899-12-31T01:38:44Z,Korban Kebakaran Mengungsi ke Rumah Dinas Camat,https://beritajakarta.com/read/5497/Korban_Kebakaran_Mengungsi_ke_Rumah_Dinas_Camat_
2014-10-10T00:00:00Z,1899-12-31T02:03:03Z,450 Polisi Kawal Demo FPI & FUI di DPRD DKI,https://beritajakarta.com/read/5495/450_Polisi_Kawal_Demo_FPI_&_FUI_di_DPRD_DKI
2014-10-10T00:00:00Z,1899-12-31T02:23:22Z,Ribuan PNS DKI Ajukan Kenaikan Jabatan,https://beritajakarta.com/read/5496/Ribuan_PNS_DKI_Ajukan_Kenaikan_Jabatan
2014-10-10T00:00:00Z,1899-12-31T02:40:48Z,Siswa SMP Tewas Terjatuh dari Lantai 4,https://beritajakarta.com/read/5501/_Siswa_SMP_Tewas_Terjatuh_dari_Lantai_4
2014-10-10T00:00:00Z,1899-12-31T03:00:40Z,"Kontrakan Terbakar, Kerugian Rp 250 Juta","https://beritajakarta.com/read/5500/Kontrakan_Terbakar,_Kerugian_Rp_250_Juta"
2014-10-10T00:00:00Z,1899-12-31T03:23:05Z,Ahok Akan Banjiri Ibu Kota dengan Transjakarta,https://beritajakarta.com/read/5502/Ahok_Akan_Banjiri_Ibu_Kota_dengan_Transjakarta
2014-10-10T00:00:00Z,1899-12-31T03:57:08Z,Api Hanguskan Rumah Kontrakan di Jl Salihara,https://beritajakarta.com/read/5505/Api_Hanguskan_Rumah_Kontrakan_di_Jl_Salihara
2014-10-10T00:00:00Z,1899-12-31T04:00:52Z,"Demo FPI, Jl Kebon Sirih Macet","https://beritajakarta.com/read/5510/Demo_FPI,_Jl_Kebon_Sirih_Macet"
2014-10-10T00:00:00Z,1899-12-31T04:27:37Z,Tabung Gas 60 Kg Meledak di Balaikota,https://beritajakarta.com/read/5512/Tabung_Gas_60_Kg_Meledak_di_Balaikota
2014-10-10T00:00:00Z,1899-12-31T04:35:36Z,Malam Ini Jamaah Haji DKI Tiba di Tanah Air,https://beritajakarta.com/read/5499/Malam_Ini_Jamaah_Haji_DKI_Tiba_di_Tanah_Air
2014-10-10T00:00:00Z,1899-12-31T05:06:23Z,"Tatib Disahkan, 37 Anggota DPRD DKI Tak Hadir","https://beritajakarta.com/read/5511/Tatib_Disahkan,_37_Anggota_DPRD_DKI_Tak_Hadir"
2014-10-10T00:00:00Z,1899-12-31T05:35:32Z,Layanan Puskesmas Tanjung Priok Mulai Dipindah,https://beritajakarta.com/read/5504/Layanan_Puskesmas_Tanjung_Priok_Mulai_Dipindah
2014-10-10T00:00:00Z,1899-12-31T06:00:49Z,BMKG: Suhu Panas Jakarta Masih Normal,https://beritajakarta.com/read/5515/BMKG:_Suhu_Panas_Jakarta_Masih_Normal
2014-10-10T00:00:00Z,1899-12-31T06:27:48Z,"Bawa Ganja dan Miras, Pelajar Diamankan Polisi","https://beritajakarta.com/read/5519/Bawa_Ganja_dan_Miras,_Pelajar_Diamankan_Polisi"
2014-10-10T00:00:00Z,1899-12-31T06:43:32Z,"Kemarau, Sejumlah Taman di Jaktim Mulai Rusak","https://beritajakarta.com/read/5498/Kemarau,_Sejumlah_Taman_di_Jaktim_Mulai_Rusak"
2014-10-10T00:00:00Z,1899-12-31T07:10:38Z,"Kena Proyek MRT, JPO Blok M Dibongkar","https://beritajakarta.com/read/5503/Kena_Proyek_MRT,_JPO_Blok_M_Dibongkar"
2014-10-10T00:00:00Z,1899-12-31T07:18:50Z,Lift Rusunawa Daan Mogot Belum Rampung,https://beritajakarta.com/read/5509/Lift_Rusunawa_Daan_Mogot_Belum_Rampung
2014-10-10T00:00:00Z,1899-12-31T08:19:45Z,DKI Gelar Jakarta Cosplay Parade,https://beritajakarta.com/read/5517/DKI_Gelar_Jakarta_Cosplay_Parade
2014-10-10T00:00:00Z,1899-12-31T09:22:58Z,Ratusan KK di Bantaran Kali Item Mulai Direlokasi,https://beritajakarta.com/read/5506/Ratusan_KK_di_Bantaran_Kali_Item_Mulai_Direlokasi
2014-10-11T00:00:00Z,1899-12-31T01:24:43Z,"Tiba di Bandara, Jamaah Haji DKI Dites Kesehatan","https://beritajakarta.com/read/5523/Tiba_di_Bandara,_Jamaah_Haji_DKI_Dites_Kesehatan"
2014-10-11T00:00:00Z,1899-12-31T02:13:43Z,DKI Akan Pasang Parkir Meter di Taman,https://beritajakarta.com/read/5524/DKI_Akan_Pasang_Parkir_Meter_di_Taman
2014-10-11T00:00:00Z,1899-12-31T02:35:55Z,Pengawasan Pekerja Asing Akan Diperketat,https://beritajakarta.com/read/5521/Pengawasan_Pekerja_Asing_Akan_Diperketat
2014-10-11T00:00:00Z,1899-12-31T03:12:06Z,Jokowi Mulai Berkemas dari Rumah Dinas,https://beritajakarta.com/read/5525/Jokowi_Mulai_Berkemas_dari_Rumah_Dinas
2014-10-11T00:00:00Z,1899-12-31T03:53:19Z,"Sampah Menumpuk, Kemayoran Minim TPS","https://beritajakarta.com/read/5522/Sampah_Menumpuk,_Kemayoran_Minim_TPS"
2014-10-11T00:00:00Z,1899-12-31T04:16:13Z,Pengelolaan Terminal Akan Dipegang Swasta,https://beritajakarta.com/read/5520/Pengelolaan_Terminal_Akan_Dipegang_Swasta
2014-10-11T00:00:00Z,1899-12-31T04:38:48Z,21 Lokasi Penampungan Ayam di Matraman Akan Dipindahkan,https://beritajakarta.com/read/5527/21_Lokasi_Penampungan_Ayam_di_Matraman_Akan_Dipindahkan
2014-10-11T00:00:00Z,1899-12-31T05:07:23Z,450 Pendonor Darah Diberi Penghargaan,https://beritajakarta.com/read/5526/450_Pendonor_Darah_Diberi_Penghargaan
2014-10-11T00:00:00Z,1899-12-31T08:19:20Z,Puluhan Rumah di Duri Kepa Hangus Terbakar,https://beritajakarta.com/read/5528/Puluhan_Rumah_di_Duri_Kepa_Hangus_Terbakar
2014-10-12T00:00:00Z,1899-12-31T01:58:39Z,Taman Kolong Flyover Klender Ramai Dikunjungi Warga,https://beritajakarta.com/read/5529/Taman_Kolong_Flyover_Klender_Ramai_Dikunjungi_Warga
2014-10-12T00:00:00Z,1899-12-31T02:33:12Z,8 Kecamatan di Jakpus Akan Dipasangi Lampu LED,https://beritajakarta.com/read/5530/_8_Kecamatan_di_Jakpus_Akan_Dipasangi_Lampu_LED_
2014-10-12T00:00:00Z,1899-12-31T04:12:11Z,Korban Kebakaran Masih Tinggal di Pengungsian,https://beritajakarta.com/read/5532/Korban_Kebakaran_Masih_Tinggal_di_Pengungsian
2014-10-12T00:00:00Z,1899-12-31T05:08:41Z,"Tahun Depan, 8 Rusunawa Rampung Dialiri Pipa Gas","https://beritajakarta.com/read/5533/Tahun_Depan,_8_Rusunawa_Rampung_Dialiri_Pipa_Gas"
2014-10-12T00:00:00Z,1899-12-31T06:28:19Z,Raskin Berkutu dan Bau,https://beritajakarta.com/read/5534/Raskin_Berkutu_dan_Bau
2014-10-12T00:00:00Z,1899-12-31T07:18:35Z,Perawatan Cagar Budaya Masih Terkendala,https://beritajakarta.com/read/5535/Perawatan_Cagar_Budaya_Masih_Terkendala
2014-10-13T00:00:00Z,1899-12-31T12:12:18Z,Mahasiswa Uhamka Tewas Terlindas Bus,https://beritajakarta.com/read/5536/Mahasiswa_Uhamka_Tewas_Terlindas_Bus
2014-10-13T00:00:00Z,1899-12-31T12:21:27Z,Basuki Prediksi Pengesahan APBD 2015 Molor,https://beritajakarta.com/read/5537/Basuki_Prediksi_Pengesahan_APBD_2015_Molor
2014-10-13T00:00:00Z,1899-12-31T01:09:11Z,"Parkir Liar, Dua Mobil Pribadi Diderek","https://beritajakarta.com/read/5541/Parkir_Liar,_Dua_Mobil_Pribadi_Diderek"
2014-10-13T00:00:00Z,1899-12-31T01:20:43Z,Bangunan Liar di Jl Kartini Mulai Ditertibkan,https://beritajakarta.com/read/5539/Bangunan_Liar_di_Jl_Kartini_Mulai_Ditertibkan
2014-10-13T00:00:00Z,1899-12-31T02:11:53Z,Mantan Pimpinan KPK Jadi Kandidat Pengacara Pemprov DKI,https://beritajakarta.com/read/5546/Mantan_Pimpinan_KPK_Jadi_Kandidat_Pengacara_Pemprov_DKI
2014-10-13T00:00:00Z,1899-12-31T02:35:36Z,Basuki Ingin Antar Jokowi ke Istana,https://beritajakarta.com/read/5545/Basuki_Ingin_Antar_Jokowi_ke_Istana
2014-10-13T00:00:00Z,1899-12-31T03:06:01Z,Bos Facebook Tawarkan Kerjasama ke Jokowi,https://beritajakarta.com/read/5548/Bos_Facebook_Tawarkan_Kerjasama_ke_Jokowi
2014-10-13T00:00:00Z,1899-12-31T03:31:18Z,"Akan Ditertibkan, 200 Hunian di Waduk Pluit Ditandai Silang","https://beritajakarta.com/read/5542/Akan_Ditertibkan,_200_Hunian_di_Waduk_Pluit_Ditandai_Silang"
2014-10-13T00:00:00Z,1899-12-31T04:25:52Z,"Penataan IRTI, Kantor UPT Parkir Dibongkar","https://beritajakarta.com/read/5547/Penataan_IRTI,_Kantor_UPT_Parkir_Dibongkar"
2014-10-13T00:00:00Z,1899-12-31T04:52:47Z,Bangunan Sentra Flora Semanan Banyak yang Rusak,https://beritajakarta.com/read/5549/Bangunan_Sentra_Flora_Semanan_Banyak_yang_Rusak
2014-10-13T00:00:00Z,1899-12-31T05:10:09Z,12 Tempat Pemotongan Unggas Diminta Pindah,https://beritajakarta.com/read/5540/12_Tempat_Pemotongan_Unggas_Diminta_Pindah
2014-10-13T00:00:00Z,1899-12-31T06:50:42Z,Taman Rawa Badak Utara Akan Dijadikan Percontohan,https://beritajakarta.com/read/5554/Taman_Rawa_Badak_Utara_Akan_Dijadikan_Percontohan
2014-10-13T00:00:00Z,1899-12-31T06:56:01Z,"APBD DKI 2015 Diprediksi Capai Rp 76,9 Triliun","https://beritajakarta.com/read/5551/APBD_DKI_2015_Diprediksi_Capai_Rp_76,9_Triliun"
2014-10-13T00:00:00Z,1899-12-31T07:10:56Z,Pedagang Ikan Hias di Jl Kartini Segera Direlokasi,https://beritajakarta.com/read/5552/Pedagang_Ikan_Hias_di_Jl_Kartini_Segera_Direlokasi
2014-10-13T00:00:00Z,1899-12-31T07:34:47Z,517 Pohon Akan Hijaukan Jalan Daan Mogot,https://beritajakarta.com/read/5538/517_Pohon_Akan_Hijaukan_Jalan_Daan_Mogot
2014-10-13T00:00:00Z,1899-12-31T08:00:43Z,Ahok Siapkan Siasat Halau PKL Monas,https://beritajakarta.com/read/5557/Ahok_Siapkan_Siasat_Halau_PKL_Monas
2014-10-13T00:00:00Z,1899-12-31T08:31:44Z,DKI Akan Tanggung Biaya Pengobatan Ibunda Elang,https://beritajakarta.com/read/5556/DKI_Akan_Tanggung_Biaya_Pengobatan_Ibunda_Elang
2014-10-13T00:00:00Z,1899-12-31T09:16:38Z,96 Penderita HIV/AIDS Tertular TBC,https://beritajakarta.com/read/5543/96_Penderita_HIV/AIDS_Tertular_TBC
2014-10-13T00:00:00Z,1899-12-31T10:54:45Z,Ahok Akan Putar Film Lokal di Kantor Walikota,https://beritajakarta.com/read/5558/Ahok_Akan_Putar_Film_Lokal_di_Kantor_Walikota
2014-10-13T00:00:00Z,1899-12-31T11:14:26Z,Benda Mencurigakan di Balaikota Hanya Batu Bata,https://beritajakarta.com/read/5559/Benda_Mencurigakan_di_Balaikota_Hanya_Batu_Bata
2014-10-14T00:00:00Z,1899-12-31T11:14:19Z,10.057 PNS DKI Ajukan Kenaikan Jabatan,https://beritajakarta.com/read/5561/10.057_PNS_DKI_Ajukan_Kenaikan_Jabatan
2014-10-14T00:00:00Z,1899-12-31T12:27:00Z,"Toko Sembako Terbakar, Satu Tewas","https://beritajakarta.com/read/5563/Toko_Sembako_Terbakar,_Satu_Tewas"
2014-10-14T00:00:00Z,1899-12-31T01:37:51Z,Ibu Elang Tolak Bantuan Dinkes DKI,https://beritajakarta.com/read/5562/Ibu_Elang_Tolak_Bantuan_Dinkes_DKI
2014-10-14T00:00:00Z,1899-12-31T02:15:11Z,"Cegah Banjir Rob, Jalan Inspeksi Waduk Pluit Ditinggikan","https://beritajakarta.com/read/5560/Cegah_Banjir_Rob,_Jalan_Inspeksi_Waduk_Pluit_Ditinggikan"
2014-10-14T00:00:00Z,1899-12-31T02:51:00Z,250 Bangunan Liar di Bantaran Rel Dibongkar,https://beritajakarta.com/read/5567/250_Bangunan_Liar_di_Bantaran_Rel_Dibongkar
2014-10-14T00:00:00Z,1899-12-31T03:10:16Z,Kearifan Lokal Diminta Jadi Kurikulum Wajib Sekolah,https://beritajakarta.com/read/5570/Kearifan_Lokal_Diminta_Jadi_Kurikulum_Wajib_Sekolah
2014-10-14T00:00:00Z,1899-12-31T03:40:58Z,Lurah & Camat Defintif Tak Wajib Ikut Lelang Jabatan,https://beritajakarta.com/read/5569/Lurah_&_Camat_Defintif_Tak_Wajib_Ikut_Lelang_Jabatan
2014-10-14T00:00:00Z,1899-12-31T04:10:03Z,15 Lapak PKL di Jalur Hijau Dibongkar,https://beritajakarta.com/read/5571/15_Lapak_PKL_di_Jalur_Hijau_Dibongkar
2014-10-14T00:00:00Z,1899-12-31T04:20:23Z,Belasan Mess & Sepeda Motor di Semanggi Terbakar,https://beritajakarta.com/read/5577/Belasan_Mess_&_Sepeda_Motor_di_Semanggi_Terbakar
2014-10-14T00:00:00Z,1899-12-31T04:27:02Z,Batu Bata Diduga Bom Ternyata Bekas Penahan Balon Gas,https://beritajakarta.com/read/5566/Batu_Bata_Diduga_Bom_Ternyata_Bekas_Penahan_Balon_Gas
2014-10-14T00:00:00Z,1899-12-31T04:45:56Z,"Padamkan 12 Bangunan yang Terbakar, Petugas Jatuh dari Atap","https://beritajakarta.com/read/5579/Padamkan_12_Bangunan_yang_Terbakar,_Petugas_Jatuh_dari_Atap"
2014-10-14T00:00:00Z,1899-12-31T05:10:08Z,DKI Jadi Percontohan BPJS Ketenagakerjaan,https://beritajakarta.com/read/5581/DKI_Jadi_Percontohan_BPJS_Ketenagakerjaan
2014-10-14T00:00:00Z,1899-12-31T05:28:24Z,Korban Kebakaran Kampung Guji Diberi Bantuan,https://beritajakarta.com/read/5576/Korban_Kebakaran_Kampung_Guji_Diberi_Bantuan
2014-10-14T00:00:00Z,1899-12-31T05:52:58Z,Ahok Ingin Kursinya Diduduki Orang Jujur,https://beritajakarta.com/read/5582/Ahok_Ingin_Kursinya_Diduduki_Orang_Jujur
2014-10-14T00:00:00Z,1899-12-31T06:53:10Z,PKL Pasar Serdang Diminta Ditata Ulang,https://beritajakarta.com/read/5578/PKL_Pasar_Serdang_Diminta_Ditata_Ulang_
2014-10-14T00:00:00Z,1899-12-31T07:11:53Z,161 Rumah di Kompleks Berland Terbakar,https://beritajakarta.com/read/5586/161_Rumah_di_Kompleks_Berland_Terbakar
2014-10-14T00:00:00Z,1899-12-31T07:21:08Z,DKI Siap Beri Bantuan Hukum untuk BW,https://beritajakarta.com/read/5585/DKI_Siap_Beri_Bantuan_Hukum_untuk_BW
2014-10-14T00:00:00Z,1899-12-31T07:50:33Z,Ini Kata Saefullah Soal Kepemimpinan Jokowi-Ahok,https://beritajakarta.com/read/5589/Ini_Kata_Saefullah_Soal_Kepemimpinan_Jokowi-Ahok
2014-10-14T00:00:00Z,1899-12-31T08:00:12Z,Petugas Kebersihan Pulau Tidung Belum Terima Insentif,https://beritajakarta.com/read/5584/Petugas_Kebersihan_Pulau_Tidung_Belum_Terima_Insentif
2014-10-14T00:00:00Z,1899-12-31T10:35:40Z,Akses Masuk Terminal Jakarta Kota Terhalang Taman,https://beritajakarta.com/read/5587/Akses_Masuk_Terminal_Jakarta_Kota_Terhalang_Taman
2014-10-14T00:00:00Z,1899-12-31T11:00:14Z,PMKS di Jakbar Dapat Bantuan Modal Usaha,https://beritajakarta.com/read/5565/PMKS_di_Jakbar_Dapat_Bantuan_Modal_Usaha
2014-10-14T00:00:00Z,1899-12-31T11:20:16Z,Proyek Flyover Terminal Pulogebang Masih Terkendala,https://beritajakarta.com/read/5580/Proyek_Flyover_Terminal_Pulogebang_Masih_Terkendala
2014-10-15T00:00:00Z,1899-12-31T08:46:30Z,"Kebakaran di Berlan, Satu Tewas Terpanggang","https://beritajakarta.com/read/5590/Kebakaran_di_Berlan,_Satu_Tewas_Terpanggang"
2014-10-15T00:00:00Z,1899-12-31T09:21:44Z,Pabrik Kaleng di Semanan Terbakar,https://beritajakarta.com/read/5591/Pabrik_Kaleng_di_Semanan_Terbakar
2014-10-15T00:00:00Z,1899-12-31T10:05:07Z,Tempat Hiburan Malam di Pasar Rumput Dirazia,https://beritajakarta.com/read/5592/Tempat_Hiburan_Malam_di_Pasar_Rumput_Dirazia
2014-10-15T00:00:00Z,1899-12-31T10:45:17Z,"Main Futsal, Jokowi Cetak Satu Gol","https://beritajakarta.com/read/5593/Main_Futsal,_Jokowi_Cetak_Satu_Gol"
2014-10-15T00:00:00Z,1899-12-31T11:45:43Z,Gedung UPT Perparkiran Dirobohkan,https://beritajakarta.com/read/5595/Gedung_UPT_Perparkiran_Dirobohkan
2014-10-15T00:00:00Z,1899-12-31T12:21:34Z,"Forum Honorer K2 Demo, Arus Lalu Lintas Macet","https://beritajakarta.com/read/5597/Forum_Honorer_K2_Demo,_Arus_Lalu_Lintas_Macet"
2014-10-15T00:00:00Z,1899-12-31T12:51:02Z,"2 Tahun Pimpin DKI, Jokowi Akui Masih Punya Hutang","https://beritajakarta.com/read/5596/2_Tahun_Pimpin_DKI,_Jokowi_Akui_Masih_Punya_Hutang"
2014-10-15T00:00:00Z,1899-12-31T01:10:48Z,Fasilitas Toilet Terminal Jakarta Kota Dikeluhkan,https://beritajakarta.com/read/5594/Fasilitas_Toilet_Terminal_Jakarta_Kota_Dikeluhkan
2014-10-15T00:00:00Z,1899-12-31T01:55:37Z,Korban Kebakaran Dapat Bantuan Makanan & Selimut,https://beritajakarta.com/read/5598/Korban_Kebakaran_Dapat_Bantuan_Makanan_&_Selimut
2014-10-15T00:00:00Z,1899-12-31T02:23:53Z,"Lawan Arus, 125 Motor Ditilang","https://beritajakarta.com/read/5599/Lawan_Arus,_125_Motor_Ditilang"
2014-10-15T00:00:00Z,1899-12-31T02:55:35Z,"Keppres Turun, Jokowi Siap Dilantik","https://beritajakarta.com/read/5601/Keppres_Turun,_Jokowi_Siap_Dilantik"
2014-10-15T00:00:00Z,1899-12-31T03:30:04Z,Ini Kesuksesan Jokowi Selama Memimpin Ibu Kota,https://beritajakarta.com/read/5602/Ini_Kesuksesan_Jokowi_Selama_Memimpin_Ibu_Kota
2014-10-15T00:00:00Z,1899-12-31T04:10:07Z,60 Bangunan Liar di Atas Saluran Dibongkar,https://beritajakarta.com/read/5603/60_Bangunan_Liar_di_Atas_Saluran_Dibongkar
2014-10-15T00:00:00Z,1899-12-31T04:21:58Z,"Diguyur Hujan, Jalanan di Jaksel Tergenang","https://beritajakarta.com/read/5607/Diguyur_Hujan,_Jalanan_di_Jaksel_Tergenang"
2014-10-15T00:00:00Z,1899-12-31T05:00:30Z,"Ahok: Dilantik Sekarang, Saya Rugi","https://beritajakarta.com/read/5609/Ahok:_Dilantik_Sekarang,_Saya_Rugi"
2014-10-15T00:00:00Z,1899-12-31T05:15:13Z,15 Rumah di Utan Kayu Utara Terbakar,https://beritajakarta.com/read/5613/15_Rumah_di_Utan_Kayu_Utara_Terbakar
2014-10-15T00:00:00Z,1899-12-31T06:05:18Z,"Kemarau, Pasokan Air Bersih Berkurang","https://beritajakarta.com/read/5605/Kemarau,_Pasokan_Air_Bersih_Berkurang"
2014-10-15T00:00:00Z,1899-12-31T06:45:41Z,Seleksi Jabatan PNS Libatkan 60 Penilai,https://beritajakarta.com/read/5614/Seleksi_Jabatan_PNS_Libatkan_60_Penilai
2014-10-15T00:00:00Z,1899-12-31T07:05:12Z,1.500 Satpol PP Akan Tertibkan IRTI Monas,https://beritajakarta.com/read/5604/1.500_Satpol_PP_Akan_Tertibkan_IRTI_Monas
2014-10-15T00:00:00Z,1899-12-31T07:30:46Z,Blok A Tanah Abang Kembali Dikelola Pasar Jaya,https://beritajakarta.com/read/5606/Blok_A_Tanah_Abang_Kembali_Dikelola_Pasar_Jaya
2014-10-15T00:00:00Z,1899-12-31T08:00:16Z,Bekas Kantor Kelurahan Rawasari Disulap Jadi Taman,https://beritajakarta.com/read/5616/Bekas_Kantor_Kelurahan_Rawasari_Disulap_Jadi_Taman
2014-10-15T00:00:00Z,1899-12-31T08:15:26Z,"Usai Pelantikan, Jokowi Izin Tinggal di Rumdin Gubernur","https://beritajakarta.com/read/5617/Usai_Pelantikan,_Jokowi_Izin_Tinggal_di_Rumdin_Gubernur"
2014-10-15T00:00:00Z,1899-12-31T09:05:25Z,"Januari-Oktober, 700 PMKS Terjaring Razia","https://beritajakarta.com/read/5600/Januari-Oktober,_700_PMKS_Terjaring_Razia_"
2014-10-15T00:00:00Z,1899-12-31T09:30:02Z,BPJS Menunggak 5.905 Klaim di RSUD Pasar Rebo,https://beritajakarta.com/read/5608/BPJS_Menunggak_5.905_Klaim_di_RSUD_Pasar_Rebo
2014-10-15T00:00:00Z,1899-12-31T10:08:06Z,Transjakarta Diminta Akomodir Kaum Difabel,https://beritajakarta.com/read/5618/Transjakarta_Diminta_Akomodir_Kaum_Difabel
2014-10-16T00:00:00Z,1899-12-31T10:07:53Z,23 PSK Terjaring Razia di Jaktim,https://beritajakarta.com/read/5615/23_PSK_Terjaring_Razia_di_Jaktim
2014-10-16T00:00:00Z,1899-12-31T10:40:24Z,Ratusan Kios PKL di IRTI Monas Dibongkar,https://beritajakarta.com/read/5620/Ratusan_Kios_PKL_di_IRTI_Monas_Dibongkar
2014-10-16T00:00:00Z,1899-12-31T11:15:42Z,"Usai Dilantik, Jokowi Diarak Naik Kereta Kencana","https://beritajakarta.com/read/5619/Usai_Dilantik,_Jokowi_Diarak_Naik_Kereta_Kencana"
2014-10-16T00:00:00Z,1899-12-31T12:28:29Z,PKL Monas Dilatih Cara Menyajikan Makanan Sehat,https://beritajakarta.com/read/5622/PKL_Monas_Dilatih_Cara_Menyajikan_Makanan_Sehat_
2014-10-16T00:00:00Z,1899-12-31T01:29:12Z,"Musrenbang Jaksel Butuh Anggaran Rp 2,4 Triliun","https://beritajakarta.com/read/5621/Musrenbang_Jaksel_Butuh_Anggaran_Rp_2,4_Triliun"
2014-10-16T00:00:00Z,1899-12-31T02:11:11Z,Jakbar Masih Kekurangan RTH,https://beritajakarta.com/read/5624/Jakbar_Masih_Kekurangan_RTH
2014-10-16T00:00:00Z,1899-12-31T02:47:10Z,170 Pelanggar Bangunan Dibawa ke Pengadilan,https://beritajakarta.com/read/5625/170_Pelanggar_Bangunan_Dibawa_ke_Pengadilan
2014-10-16T00:00:00Z,1899-12-31T03:18:36Z,Pemprov DKI Dorong Swasta Bangun SPBG,https://beritajakarta.com/read/5626/Pemprov_DKI_Dorong_Swasta_Bangun_SPBG
2014-10-16T00:00:00Z,1899-12-31T03:51:35Z,Kisruh Pengelolaan Sea World Berlanjut,https://beritajakarta.com/read/5628/Kisruh_Pengelolaan_Sea_World_Berlanjut
2014-10-16T00:00:00Z,1899-12-31T04:16:19Z,Pelaku Usaha Diminta Lebih Inovatif Hadapi MEA,https://beritajakarta.com/read/5627/Pelaku_Usaha_Diminta_Lebih_Inovatif_Hadapi_MEA
2014-10-16T00:00:00Z,1899-12-31T05:10:17Z,Jokowi: Jakarta Jadi Tanggung Jawab Presiden,https://beritajakarta.com/read/5632/Jokowi:_Jakarta_Jadi_Tanggung_Jawab_Presiden
2014-10-16T00:00:00Z,1899-12-31T05:36:52Z,"Ketel Pabrik Tahu Meledak, Seorang Warga Terluka","https://beritajakarta.com/read/5631/Ketel_Pabrik_Tahu_Meledak,_Seorang_Warga_Terluka"
2014-10-16T00:00:00Z,1899-12-31T06:11:16Z,"November, 18 Puskesmas Diresmikan Jadi RS","https://beritajakarta.com/read/5633/November,_18_Puskesmas_Diresmikan_Jadi_RS_"
2014-10-16T00:00:00Z,1899-12-31T06:50:20Z,Kapal Cepat Dishub Disegel Kejagung,https://beritajakarta.com/read/5635/Kapal_Cepat_Dishub_Disegel_Kejagung
2014-10-16T00:00:00Z,1899-12-31T07:09:45Z,Jokowi Yakin Ahok Tahu Prioritas Kerja untuk Ibu Kota,https://beritajakarta.com/read/5634/Jokowi_Yakin_Ahok_Tahu_Prioritas_Kerja_untuk_Ibu_Kota
2014-10-16T00:00:00Z,1899-12-31T07:55:35Z,Ahok Resmi Jadi Plt Gubernur DKI,https://beritajakarta.com/read/5636/Ahok_Resmi_Jadi_Plt_Gubernur_DKI
2014-10-16T00:00:00Z,1899-12-31T08:37:14Z,Balai Pengobatan Tradisional Ilegal Akan Dirazia,https://beritajakarta.com/read/5640/Balai_Pengobatan_Tradisional_Ilegal_Akan_Dirazia
2014-10-16T00:00:00Z,1899-12-31T09:02:24Z,Pesta Rakyat Jangan Sampai Merusak Taman,https://beritajakarta.com/read/5641/Pesta_Rakyat_Jangan_Sampai_Merusak_Taman
2014-10-16T00:00:00Z,1899-12-31T09:35:20Z,Oknum PNS Ditangkap Saat Hendak Gunakan Putau,https://beritajakarta.com/read/5642/Oknum_PNS_Ditangkap_Saat_Hendak_Gunakan_Putau
2014-10-16T00:00:00Z,1899-12-31T11:12:16Z,4.000 Pohon di Jakbar Dipangkas,https://beritajakarta.com/read/5629/4.000_Pohon_di_Jakbar_Dipangkas
2014-10-17T00:00:00Z,1899-12-31T09:51:36Z,"Lagi, Bank DKI Juara 1 BUMD Listed","https://beritajakarta.com/read/5645/Lagi,_Bank_DKI_Juara_1_BUMD_Listed"
2014-10-17T00:00:00Z,1899-12-31T10:12:37Z,"Jokowi Berhenti, Ahok Resmi Pimpin Jakarta","https://beritajakarta.com/read/5644/Jokowi_Berhenti,_Ahok_Resmi_Pimpin_Jakarta"
2014-10-17T00:00:00Z,1899-12-31T10:51:37Z,"Tanah Merah Berceceran, Pemotor Terjatuh","https://beritajakarta.com/read/5643/Tanah_Merah_Berceceran,_Pemotor_Terjatuh"
2014-10-17T00:00:00Z,1899-12-31T12:58:40Z,"Disweeping Satpol PP, PKL Sembunyikan Dagangan","https://beritajakarta.com/read/5650/Disweeping_Satpol_PP,_PKL_Sembunyikan_Dagangan"
2014-10-17T00:00:00Z,1899-12-31T01:06:59Z,DKI Akan Kirim 20 KK Transmigran ke Sulawesi,https://beritajakarta.com/read/5646/DKI_Akan_Kirim_20_KK_Transmigran_ke_Sulawesi
2014-10-17T00:00:00Z,1899-12-31T01:35:03Z,"Pelantikan Jokowi, 24.816 Personel TNI/Polri Jaga Ibu Kota","https://beritajakarta.com/read/5648/Pelantikan_Jokowi,_24.816_Personel_TNI/Polri_Jaga_Ibu_Kota"
2014-10-17T00:00:00Z,1899-12-31T02:03:55Z,Jokowi Gelar Perpisahan dengan SKPD,https://beritajakarta.com/read/5652/Jokowi_Gelar_Perpisahan_dengan_SKPD
2014-10-17T00:00:00Z,1899-12-31T02:20:10Z,20 PMKS Terjaring Razia di Masjid Istiqlal,https://beritajakarta.com/read/5655/20_PMKS_Terjaring_Razia_di_Masjid_Istiqlal
2014-10-17T00:00:00Z,1899-12-31T02:45:41Z,Jokowi Tak Banyak Bawa Barang Pribadi dari Balaikota,https://beritajakarta.com/read/5651/Jokowi_Tak_Banyak_Bawa_Barang_Pribadi_dari_Balaikota
2014-10-17T00:00:00Z,1899-12-31T03:05:08Z,"Pelantikan Jokowi, Ahok Minta PNS Tidak Bolos","https://beritajakarta.com/read/5657/Pelantikan_Jokowi,_Ahok_Minta_PNS_Tidak_Bolos"
2014-10-17T00:00:00Z,1899-12-31T03:31:52Z,Kondisi Lokbin Abdul Gani Memprihatinkan,https://beritajakarta.com/read/5659/Kondisi_Lokbin_Abdul_Gani_Memprihatinkan
2014-10-17T00:00:00Z,1899-12-31T04:13:26Z,Basuki Tak Sedih Ditinggal Jokowi,https://beritajakarta.com/read/5660/Basuki_Tak_Sedih_Ditinggal_Jokowi
2014-10-17T00:00:00Z,1899-12-31T04:41:59Z,"Libur 1 Muharram, Pulau Seribu Dipadati Wisatawan","https://beritajakarta.com/read/5656/Libur_1_Muharram,_Pulau_Seribu_Dipadati_Wisatawan"
2014-10-17T00:00:00Z,1899-12-31T05:00:46Z,Jokowi Pamitan ke PNS Balaikota,https://beritajakarta.com/read/5663/Jokowi_Pamitan_ke_PNS_Balaikota
2014-10-17T00:00:00Z,1899-12-31T05:35:15Z,Jalan di Jakbar Butuh Perbaikan,https://beritajakarta.com/read/5654/Jalan_di_Jakbar_Butuh_Perbaikan
2014-10-17T00:00:00Z,1899-12-31T05:45:49Z,Acara Perpisahan Jokowi di Balaikota Batal Digelar,https://beritajakarta.com/read/5666/Acara_Perpisahan_Jokowi_di_Balaikota_Batal_Digelar
2014-10-17T00:00:00Z,1899-12-31T06:27:13Z,"Saling Sabet Celurit, 2 Pelajar Kritis","https://beritajakarta.com/read/5668/Saling_Sabet_Celurit,_2_Pelajar_Kritis"
2014-10-17T00:00:00Z,1899-12-31T07:05:36Z,Kantor Walikota Jakbar Marak PKL,https://beritajakarta.com/read/5649/Kantor_Walikota_Jakbar_Marak_PKL
2014-10-17T00:00:00Z,1899-12-31T07:20:23Z,BNN Kembali Temukan Ganja di Unas,https://beritajakarta.com/read/5671/BNN_Kembali_Temukan_Ganja_di_Unas
2014-10-17T00:00:00Z,1899-12-31T08:05:38Z,Jalur Kereta Kota-Tanjung Priok Marak Bangunan Liar,https://beritajakarta.com/read/5665/Jalur_Kereta_Kota-Tanjung_Priok_Marak_Bangunan_Liar
2014-10-17T00:00:00Z,1899-12-31T08:30:55Z,"Pelantikan Presiden, Transjakarta Koridor I Dihentikan Sementara","https://beritajakarta.com/read/5674/Pelantikan_Presiden,_Transjakarta_Koridor_I_Dihentikan_Sementara"
2014-10-17T00:00:00Z,1899-12-31T09:05:40Z,Bursa Kerja Jakpus Sediakan 5.000 Lowongan,https://beritajakarta.com/read/5664/Bursa_Kerja_Jakpus_Sediakan_5.000_Lowongan
2014-10-17T00:00:00Z,1899-12-31T09:38:38Z,Petugas Dikerahkan Jaga 387 Taman di Jakpus,https://beritajakarta.com/read/5647/_Petugas_Dikerahkan_Jaga_387_Taman_di_Jakpus_
2014-10-18T00:00:00Z,1899-12-31T12:43:31Z,Perbaikan 6 Taman di Jakut Batal,https://beritajakarta.com/read/5681/Perbaikan_6_Taman_di_Jakut_Batal
2014-10-18T00:00:00Z,1899-12-31T01:18:25Z,"Tanggulangi AIDS, KPAP DKI Gelar KTS Gratis","https://beritajakarta.com/read/5680/Tanggulangi_AIDS,_KPAP_DKI_Gelar_KTS_Gratis"
2014-10-18T00:00:00Z,1899-12-31T02:11:51Z,DKI Siagakan 1.000 Petugas Kebersihan Saat Pelantikan Presiden,https://beritajakarta.com/read/5677/DKI_Siagakan_1.000_Petugas_Kebersihan_Saat_Pelantikan_Presiden
2014-10-18T00:00:00Z,1899-12-31T02:43:40Z,Ribuan Pemuda Meriahkan Jakarta Youth Festival,https://beritajakarta.com/read/5684/Ribuan_Pemuda_Meriahkan_Jakarta_Youth_Festival
2014-10-18T00:00:00Z,1899-12-31T03:08:27Z,Wakil Lurah Glodok Meninggal Saat Tea Walk,https://beritajakarta.com/read/5679/Wakil_Lurah_Glodok_Meninggal_Saat_Tea_Walk
2014-10-18T00:00:00Z,1899-12-31T03:52:10Z,Pantau Lampu Mati Lewat Smartphone,https://beritajakarta.com/read/5676/Pantau_Lampu_Mati_Lewat_Smartphone
2014-10-18T00:00:00Z,1899-12-31T04:10:24Z,Dishub Kerahkan 300 Personel Saat Pelantikan Presiden,https://beritajakarta.com/read/5686/Dishub_Kerahkan_300_Personel_Saat_Pelantikan_Presiden
2014-10-18T00:00:00Z,1899-12-31T04:45:13Z,Ratusan Hektare Sawah di Rorotan Kekeringan,https://beritajakarta.com/read/5685/Ratusan_Hektare_Sawah_di_Rorotan_Kekeringan
2014-10-19T00:00:00Z,1899-12-31T12:15:14Z,"Pelantikan Jokowi, Kepolisian Lakukan Rekayasa Lalu Lintas","https://beritajakarta.com/read/5689/Pelantikan_Jokowi,_Kepolisian_Lakukan_Rekayasa_Lalu_Lintas"
2014-10-19T00:00:00Z,1899-12-31T01:10:51Z,Ratusan Ribu Titik PJU Akan Gunakan Lampu LED,https://beritajakarta.com/read/5690/Ratusan_Ribu_Titik_PJU_Akan__Gunakan_Lampu_LED
2014-10-19T00:00:00Z,1899-12-31T02:20:58Z,Ahok Bakal Pilih Wagub Berparas Cantik,https://beritajakarta.com/read/5691/Ahok_Bakal_Pilih_Wagub_Berparas_Cantik
2014-10-19T00:00:00Z,1899-12-31T04:05:04Z,Dua Puskesmas di Jakbar Siap Jadi RS,https://beritajakarta.com/read/5692/Dua_Puskesmas_di_Jakbar_Siap_Jadi_RS
2014-10-19T00:00:00Z,1899-12-31T04:30:01Z,"Besok, Jalan Depan Gedung MPR/DPR Ditutup","https://beritajakarta.com/read/5696/Besok,_Jalan_Depan_Gedung_MPR/DPR_Ditutup"
2014-10-19T00:00:00Z,1899-12-31T05:15:04Z,"Kemarau Panjang, Sejumlah Taman di Jakbar Rusak","https://beritajakarta.com/read/5695/Kemarau_Panjang,_Sejumlah_Taman_di_Jakbar_Rusak"
2014-10-20T00:00:00Z,1899-12-31T11:08:32Z,Dinkes DKI Kekurangan Mobil Ambulans,https://beritajakarta.com/read/5699/Dinkes_DKI_Kekurangan_Mobil_Ambulans
2014-10-20T00:00:00Z,1899-12-31T11:50:34Z,Program Refungsi 7 Saluran Air Terancam Gagal,https://beritajakarta.com/read/5701/Program_Refungsi_7_Saluran_Air_Terancam_Gagal_
2014-10-20T00:00:00Z,1899-12-31T12:13:21Z,Layanan Koridor I Dibagi Menjadi Tiga Rute,https://beritajakarta.com/read/5703/Layanan_Koridor_I_Dibagi_Menjadi_Tiga_Rute
2014-10-20T00:00:00Z,1899-12-31T12:40:24Z,Jl Jenderal Sudirman - Jl MH Thamrin Ditutup,https://beritajakarta.com/read/5704/Jl_Jenderal_Sudirman_-_Jl_MH_Thamrin_Ditutup
2014-10-20T00:00:00Z,1899-12-31T12:55:04Z,750 Gerobak Makanan Gratis di Monas Diserbu Warga,https://beritajakarta.com/read/5702/750_Gerobak_Makanan_Gratis_di_Monas_Diserbu_Warga
2014-10-20T00:00:00Z,1899-12-31T01:15:15Z,Lalu Lintas Sekitar Pelabuhan Tanjung Priok Lancar,https://beritajakarta.com/read/5707/Lalu_Lintas_Sekitar_Pelabuhan_Tanjung_Priok_Lancar
2014-10-20T00:00:00Z,1899-12-31T01:55:37Z,Lift Kantor Walikota Jaktim Rusak,https://beritajakarta.com/read/5706/Lift_Kantor_Walikota_Jaktim_Rusak
2014-10-20T00:00:00Z,1899-12-31T02:13:52Z,Bus Transjakarta Koridor I Beroperasi Setengah Rute,https://beritajakarta.com/read/5709/Bus_Transjakarta_Koridor_I_Beroperasi_Setengah_Rute
2014-10-20T00:00:00Z,1899-12-31T03:05:23Z,DKI Kembali Galakkan Peremajaan Bajaj Biru,https://beritajakarta.com/read/5710/DKI_Kembali_Galakkan_Peremajaan_Bajaj_Biru
2014-10-20T00:00:00Z,1899-12-31T03:37:37Z,Massa Mulai Tinggalkan Bundaran HI,https://beritajakarta.com/read/5714/Massa_Mulai_Tinggalkan_Bundaran_HI
2014-10-20T00:00:00Z,1899-12-31T03:55:19Z,"Jadi Gubernur, Ahok Lebih Pilih Tinggal di Pluit","https://beritajakarta.com/read/5715/Jadi_Gubernur,_Ahok_Lebih_Pilih_Tinggal_di_Pluit"
2014-10-20T00:00:00Z,1899-12-31T04:11:21Z,Pusat Perbelanjaan di Jakbar Dijaga Ketat,https://beritajakarta.com/read/5713/Pusat_Perbelanjaan_di_Jakbar_Dijaga_Ketat
2014-10-20T00:00:00Z,1899-12-31T05:05:11Z,4 Copet Dicokok di Bundaran HI,https://beritajakarta.com/read/5720/4_Copet_Dicokok_di_Bundaran_HI
2014-10-20T00:00:00Z,1899-12-31T05:20:19Z,Lalu Lintas di Bundaran HI Kembali Normal,https://beritajakarta.com/read/5721/Lalu_Lintas_di_Bundaran_HI_Kembali_Normal
2014-10-20T00:00:00Z,1899-12-31T05:50:37Z,Puluhan Warga Jadi Korban Copet di Monas,https://beritajakarta.com/read/5724/Puluhan_Warga_Jadi_Korban_Copet_di_Monas
2014-10-20T00:00:00Z,1899-12-31T06:00:06Z,"Rabu, Ahok & DPRD DKI Antar Jokowi ke Istana","https://beritajakarta.com/read/5726/Rabu,_Ahok_&_DPRD_DKI_Antar_Jokowi_ke_Istana"
2014-10-20T00:00:00Z,1899-12-31T06:32:36Z,"Jadi Parkiran Truk, Kolong Flyover Grogol Semrawut","https://beritajakarta.com/read/5711/_Jadi_Parkiran_Truk,_Kolong_Flyover_Grogol_Semrawut"
2014-10-20T00:00:00Z,1899-12-31T07:04:46Z,Lahan Pertanian di Jakbar Terus Menyusut,https://beritajakarta.com/read/5727/Lahan_Pertanian_di_Jakbar_Terus_Menyusut_
2014-10-20T00:00:00Z,1899-12-31T07:30:21Z,Ahok: Kita Berhasil Buat Demokrasi Rakyat,https://beritajakarta.com/read/5729/Ahok:_Kita_Berhasil_Buat_Demokrasi_Rakyat
2014-10-20T00:00:00Z,1899-12-31T07:55:31Z,Lurah Papanggo Mendadak Mundur,https://beritajakarta.com/read/5728/Lurah_Papanggo_Mendadak_Mundur
2014-10-20T00:00:00Z,1899-12-31T08:11:45Z,70 Pedagang Pasar Tradisional Terima Bantuan,https://beritajakarta.com/read/5725/70_Pedagang_Pasar_Tradisional_Terima_Bantuan
2014-10-20T00:00:00Z,1899-12-31T08:35:06Z,Anggota DPRD DKI Perebutkan Kursi Pimpinan Komisi,https://beritajakarta.com/read/5730/Anggota_DPRD_DKI_Perebutkan_Kursi_Pimpinan_Komisi
2014-10-20T00:00:00Z,1899-12-31T09:05:16Z,3 Wanita Penghuni Panti Sosial Terinfeksi HIV,https://beritajakarta.com/read/5723/3_Wanita_Penghuni_Panti_Sosial_Terinfeksi_HIV
2014-10-20T00:00:00Z,1899-12-31T09:15:21Z,"Januari-Oktober, 20 Bangunan Industri Terbakar","https://beritajakarta.com/read/5718/Januari-Oktober,_20_Bangunan_Industri_Terbakar"
2014-10-21T00:00:00Z,1899-12-31T08:44:26Z,Beberapa Wilayah di Jabodetabek Diguyur Hujan Ringan,https://beritajakarta.com/read/5731/Beberapa_Wilayah_di_Jabodetabek_Diguyur_Hujan_Ringan_
2014-10-21T00:00:00Z,1899-12-31T10:56:42Z,BKPRMI Siap Jadi Mitra Pemprov DKI,https://beritajakarta.com/read/5736/BKPRMI_Siap_Jadi_Mitra_Pemprov_DKI_
2014-10-21T00:00:00Z,1899-12-31T11:47:27Z,"Antisipasi Banjir, 42 Saluran Air Dikeruk","https://beritajakarta.com/read/5734/Antisipasi_Banjir,_42_Saluran_Air_Dikeruk"
2014-10-21T00:00:00Z,1899-12-31T12:36:08Z,18 Lokasi Usaha Pemotongan Ayam Disegel,https://beritajakarta.com/read/5737/18_Lokasi_Usaha_Pemotongan_Ayam_Disegel
2014-10-21T00:00:00Z,1899-12-31T01:30:59Z,61 KK Warga Kali Mampang Tempati Rusun,https://beritajakarta.com/read/5735/61_KK_Warga_Kali_Mampang_Tempati_Rusun_
2014-10-21T00:00:00Z,1899-12-31T01:50:03Z,Basuki Tolak Naikkan UMP Hingga 30 Persen,https://beritajakarta.com/read/5739/Basuki_Tolak_Naikkan_UMP_Hingga_30_Persen
2014-10-21T00:00:00Z,1899-12-31T02:08:13Z,Bursa Kerja Jakpus Diserbu Pengunjung,https://beritajakarta.com/read/5738/Bursa_Kerja_Jakpus_Diserbu_Pengunjung
2014-10-21T00:00:00Z,1899-12-31T02:46:02Z,Sriniti dan Haryp Remaja Ceria DKI 2014,https://beritajakarta.com/read/5742/Sriniti_dan_Haryp_Remaja_Ceria_DKI_2014
2014-10-21T00:00:00Z,1899-12-31T02:55:48Z,Kakek Tewas Lompat dari Lantai 15,https://beritajakarta.com/read/5744/Kakek_Tewas_Lompat_dari_Lantai_15
2014-10-21T00:00:00Z,1899-12-31T03:07:17Z,100 Ton Sampah Bekas Pesta Rakyat Berhasil Diangkut,https://beritajakarta.com/read/5745/100_Ton_Sampah_Bekas_Pesta_Rakyat_Berhasil_Diangkut
2014-10-21T00:00:00Z,1899-12-31T03:35:24Z,"Sepeninggalan Jokowi, Balaikota Sepi","https://beritajakarta.com/read/5746/Sepeninggalan_Jokowi,_Balaikota_Sepi"
2014-10-21T00:00:00Z,1899-12-31T04:36:00Z,Truk Pengangkut Besi Terguling di Pulogadung,https://beritajakarta.com/read/5749/Truk_Pengangkut_Besi_Terguling_di_Pulogadung
2014-10-21T00:00:00Z,1899-12-31T04:51:05Z,DKI Kebut Pembersihan Sampah Bekas Pesta Rakyat di Monas,https://beritajakarta.com/read/5747/DKI_Kebut_Pembersihan_Sampah_Bekas_Pesta_Rakyat_di_Monas
2014-10-21T00:00:00Z,1899-12-31T05:18:02Z,Pengamen Kepergok Lecehkan Dua Balita,https://beritajakarta.com/read/5750/Pengamen_Kepergok_Lecehkan_Dua_Balita
2014-10-21T00:00:00Z,1899-12-31T05:45:07Z,2 Taman di Jakut Bakal Dipasangi Lampu Mercury,https://beritajakarta.com/read/5751/2_Taman_di_Jakut_Bakal_Dipasangi_Lampu_Mercury
2014-10-21T00:00:00Z,1899-12-31T06:00:27Z,Satpol PP Tertibkan Kolong Flyover Grogol,https://beritajakarta.com/read/5741/Satpol_PP_Tertibkan_Kolong_Flyover_Grogol_
2014-10-21T00:00:00Z,1899-12-31T07:12:06Z,11 Hidran di Jakbar Hilang,https://beritajakarta.com/read/5753/11_Hidran_di_Jakbar_Hilang
2014-10-21T00:00:00Z,1899-12-31T07:35:41Z,Pemprov DKI Berkomitmen Perbaiki Pelayanan Haji,https://beritajakarta.com/read/5754/Pemprov_DKI_Berkomitmen_Perbaiki_Pelayanan_Haji
2014-10-21T00:00:00Z,1899-12-31T08:00:33Z,58 KK Menolak Pindah ke Rusunawa Daan Mogot,https://beritajakarta.com/read/5752/58_KK_Menolak_Pindah_ke_Rusunawa_Daan_Mogot
2014-10-22T00:00:00Z,1899-12-31T11:03:11Z,Kesan Jokowi Tinggal di Taman Suropati,https://beritajakarta.com/read/5757/Kesan_Jokowi_Tinggal_di_Taman_Suropati
2014-10-22T00:00:00Z,1899-12-31T12:27:47Z,Jalan di Cipinang Melayu Butuh Perbaikan,https://beritajakarta.com/read/5759/Jalan_di_Cipinang_Melayu_Butuh_Perbaikan
2014-10-22T00:00:00Z,1899-12-31T12:46:24Z,Ratusan Buruh Demo di Depan Balaikota,https://beritajakarta.com/read/5761/Ratusan_Buruh_Demo_di_Depan_Balaikota
2014-10-22T00:00:00Z,1899-12-31T01:17:28Z,280 Bangunan Liar di Taman Honda Ditertibkan,https://beritajakarta.com/read/5762/280_Bangunan_Liar_di_Taman_Honda_Ditertibkan
2014-10-22T00:00:00Z,1899-12-31T01:30:39Z,Bangunan 4 Lantai di Kemayoran Dibongkar,https://beritajakarta.com/read/5763/Bangunan_4_Lantai_di_Kemayoran_Dibongkar
2014-10-22T00:00:00Z,1899-12-31T02:15:21Z,PKL di Sawah Besar Akan Ditertibkan,https://beritajakarta.com/read/5760/PKL_di_Sawah_Besar_Akan_Ditertibkan
2014-10-22T00:00:00Z,1899-12-31T02:50:14Z,Kios Bensin Eceran Wajib Miliki APAR,https://beritajakarta.com/read/5765/Kios_Bensin_Eceran_Wajib_Miliki_APAR
2014-10-22T00:00:00Z,1899-12-31T03:15:01Z,"Kekeringan, Taman di Jakpus Rusak","https://beritajakarta.com/read/5764/Kekeringan,_Taman_di_Jakpus_Rusak"
2014-10-22T00:00:00Z,1899-12-31T03:49:20Z,Pejabat DKI dan DPRD Antar Jokowi ke Istana,https://beritajakarta.com/read/5755/Pejabat_DKI_dan_DPRD_Antar_Jokowi_ke_Istana
2014-10-22T00:00:00Z,1899-12-31T04:25:10Z,"14.120 Pelari Akan Ikuti Jakarta Marathon Berhadiah Rp 2,4 M","https://beritajakarta.com/read/5768/14.120_Pelari_Akan_Ikuti_Jakarta_Marathon_Berhadiah_Rp_2,4_M"
2014-10-22T00:00:00Z,1899-12-31T04:56:00Z,Tenaga Kesehatan di Jakbar Ditambah,https://beritajakarta.com/read/5769/Tenaga_Kesehatan_di_Jakbar_Ditambah
2014-10-22T00:00:00Z,1899-12-31T05:08:14Z,"November, Transjakarta Berlakukan E-Ticketing","https://beritajakarta.com/read/5770/November,_Transjakarta_Berlakukan_E-Ticketing"
2014-10-22T00:00:00Z,1899-12-31T05:40:03Z,"Atasi Banjir, Saluran PHB Utan Kayu Diperbaiki","https://beritajakarta.com/read/5772/Atasi_Banjir,_Saluran_PHB_Utan_Kayu_Diperbaiki_"
2014-10-22T00:00:00Z,1899-12-31T05:50:09Z,Cuci Tangan Harus Jadi Budaya Sejak Usia Dini,https://beritajakarta.com/read/5758/Cuci_Tangan_Harus_Jadi_Budaya_Sejak_Usia_Dini
2014-10-22T00:00:00Z,1899-12-31T06:01:18Z,Festival Budaya Nusantara Ramaikan Jakarta Marathon,https://beritajakarta.com/read/5776/Festival_Budaya_Nusantara_Ramaikan_Jakarta_Marathon
2014-10-22T00:00:00Z,1899-12-31T06:50:04Z,Bangunan Hotel di Kemayoran Dibongkar,https://beritajakarta.com/read/5777/Bangunan_Hotel_di_Kemayoran_Dibongkar
2014-10-22T00:00:00Z,1899-12-31T07:08:28Z,Sampah di TPS Matraman Menggunung,https://beritajakarta.com/read/5767/Sampah_di_TPS_Matraman_Menggunung
2014-10-22T00:00:00Z,1899-12-31T07:23:06Z,Pembangunan Gedung Pelatihan Perajin Tempe Terkendala,https://beritajakarta.com/read/5771/Pembangunan_Gedung_Pelatihan_Perajin_Tempe_Terkendala
2014-10-22T00:00:00Z,1899-12-31T07:40:26Z,DKI Targetkan Juara Umum PON Remaja 2014,https://beritajakarta.com/read/5774/DKI_Targetkan_Juara_Umum_PON_Remaja_2014
2014-10-22T00:00:00Z,1899-12-31T08:00:03Z,"Antisipasi Banjir, 21 Titik Saluran di Koja Diperbaiki","https://beritajakarta.com/read/5775/Antisipasi_Banjir,_21_Titik_Saluran_di_Koja_Diperbaiki"
2014-10-22T00:00:00Z,1899-12-31T09:29:41Z,"Aset Bank DKI Tembus Rp 37,51 Triliun","https://beritajakarta.com/read/5779/Aset_Bank_DKI_Tembus_Rp_37,51_Triliun"
2014-10-23T00:00:00Z,1899-12-31T12:45:06Z,"Sampah Menumpuk, Omzet Pedagang Pasar Merosot","https://beritajakarta.com/read/5781/Sampah_Menumpuk,_Omzet_Pedagang_Pasar_Merosot"
2014-10-23T00:00:00Z,1899-12-31T12:55:26Z,"Demo Buruh, Arus Lalu Lintas Depan Balaikota Tersendat","https://beritajakarta.com/read/5785/Demo_Buruh,_Arus_Lalu_Lintas_Depan_Balaikota_Tersendat"
2014-10-23T00:00:00Z,1899-12-31T01:14:28Z,Sejumlah Ruas Jalan Ditutup Saat Jakarta Marathon,https://beritajakarta.com/read/5782/Sejumlah_Ruas_Jalan_Ditutup_Saat_Jakarta_Marathon
2014-10-23T00:00:00Z,1899-12-31T01:45:29Z,Ahok Ingin Wakilnya PNS yang Berkompeten,https://beritajakarta.com/read/5786/Ahok_Ingin_Wakilnya_PNS_yang_Berkompeten
2014-10-23T00:00:00Z,1899-12-31T02:11:46Z,97 Bangunan di Tepi Kali Tubagus Angke Dibongkar,https://beritajakarta.com/read/5789/97_Bangunan_di_Tepi_Kali_Tubagus_Angke_Dibongkar
2014-10-23T00:00:00Z,1899-12-31T02:35:33Z,Pengguna E-Ticketing Transjakarta Baru 56 Persen,https://beritajakarta.com/read/5790/Pengguna_E-Ticketing_Transjakarta_Baru_56_Persen
2014-10-23T00:00:00Z,1899-12-31T03:08:55Z,50 Lapak PKL di Jl Stasiun Angke Ditertibkan,https://beritajakarta.com/read/5791/50_Lapak_PKL_di_Jl_Stasiun_Angke_Ditertibkan
2014-10-23T00:00:00Z,1899-12-31T03:41:30Z,Industri Rumahan Sabu di Kalideres Digerebek,https://beritajakarta.com/read/5788/Industri_Rumahan_Sabu_di_Kalideres_Digerebek
2014-10-23T00:00:00Z,1899-12-31T04:15:45Z,"Disegel, 17 Usaha Pemotongan Ayam Nekat Beroperasi","https://beritajakarta.com/read/5784/Disegel,_17_Usaha_Pemotongan_Ayam_Nekat_Beroperasi"
2014-10-23T00:00:00Z,1899-12-31T04:57:04Z,1.108 Paket Makanan Sehat Dibagikan ke Siswa SD,https://beritajakarta.com/read/5794/1.108_Paket_Makanan_Sehat_Dibagikan_ke_Siswa_SD
2014-10-23T00:00:00Z,1899-12-31T05:23:04Z,Rumdin Gubernur DKI Bakal Dibuka untuk Umum,https://beritajakarta.com/read/5796/Rumdin_Gubernur_DKI_Bakal_Dibuka_untuk_Umum
2014-10-23T00:00:00Z,1899-12-31T05:54:40Z,Manajemen Keamanan Monas Akan Dirombak,https://beritajakarta.com/read/5792/Manajemen_Keamanan_Monas_Akan_Dirombak__
2014-10-23T00:00:00Z,1899-12-31T06:33:50Z,Rp 4 M untuk Bina 700 PMKS di Jakbar,https://beritajakarta.com/read/5800/Rp_4_M_untuk_Bina_700_PMKS_di_Jakbar
2014-10-23T00:00:00Z,1899-12-31T07:12:38Z,Taman Baca Perpustakaan Jakpus Dilengkapi Wi-Fi,https://beritajakarta.com/read/5793/Taman_Baca_Perpustakaan_Jakpus_Dilengkapi_Wi-Fi
2014-10-23T00:00:00Z,1899-12-31T07:31:04Z,DKI Akan Hitung Ulang Nilai KHL Buruh,https://beritajakarta.com/read/5801/DKI_Akan_Hitung_Ulang_Nilai_KHL_Buruh
2014-10-23T00:00:00Z,1899-12-31T08:20:36Z,Banyak Warga Rusunawa Marunda Belum Mutasi KTP,https://beritajakarta.com/read/5799/Banyak_Warga_Rusunawa_Marunda_Belum_Mutasi_KTP
2014-10-24T00:00:00Z,1899-12-31T07:51:38Z,Ahok Copot Tiga PNS DKI,https://beritajakarta.com/read/5803/Ahok_Copot_Tiga_PNS_DKI
2014-10-24T00:00:00Z,1899-12-31T08:22:56Z,Jabodetabek Akan Diguyur Hujan Hari Ini,https://beritajakarta.com/read/5805/Jabodetabek_Akan_Diguyur_Hujan_Hari_Ini
2014-10-24T00:00:00Z,1899-12-31T09:17:38Z,Bangunan Liar di Jalur Hijau Akan Ditertibkan,https://beritajakarta.com/read/5804/Bangunan_Liar_di_Jalur_Hijau_Akan_Ditertibkan
2014-10-24T00:00:00Z,1899-12-31T11:03:47Z,163 PMKS Dipulangkan ke Daerah Asal,https://beritajakarta.com/read/5806/163_PMKS_Dipulangkan_ke_Daerah_Asal
2014-10-24T00:00:00Z,1899-12-31T01:01:59Z,Gedung Astra Internasional Terbakar,https://beritajakarta.com/read/5808/Gedung_Astra_Internasional_Terbakar_
2014-10-24T00:00:00Z,1899-12-31T01:45:14Z,DKI Ambil Alih Gudang Obat di Pesanggrahan,https://beritajakarta.com/read/5807/DKI_Ambil_Alih_Gudang_Obat_di_Pesanggrahan
2014-10-24T00:00:00Z,1899-12-31T02:05:38Z,"Jika Taufik Gubernur, Ahok Pilih Mundur","https://beritajakarta.com/read/5809/Jika_Taufik_Gubernur,_Ahok_Pilih_Mundur"
2014-10-24T00:00:00Z,1899-12-31T02:35:34Z,Dinkes DKI Belum Keluarkan Izin Praktik Dokter Asing,https://beritajakarta.com/read/5810/Dinkes_DKI_Belum_Keluarkan_Izin_Praktik_Dokter_Asing
2014-10-24T00:00:00Z,1899-12-31T03:00:04Z,Kursi Ahok Jadi Rebutan,https://beritajakarta.com/read/5813/Kursi_Ahok_Jadi_Rebutan
2014-10-24T00:00:00Z,1899-12-31T03:25:20Z,Server Rusak Hambat Proses Lelang,https://beritajakarta.com/read/5815/Server_Rusak_Hambat_Proses_Lelang
2014-10-24T00:00:00Z,1899-12-31T03:55:19Z,"Palsukan Dokumen, 2 WNA Dicokok","https://beritajakarta.com/read/5817/Palsukan_Dokumen,_2_WNA_Dicokok"
2014-10-24T00:00:00Z,1899-12-31T04:10:43Z,3 Pekerja Medis Asing Kena Sidak,https://beritajakarta.com/read/5816/3_Pekerja_Medis_Asing_Kena_Sidak
2014-10-24T00:00:00Z,1899-12-31T04:35:25Z,Jalan Alternatif di Jakbar Ditutup saat Jakarta Marathon,https://beritajakarta.com/read/5811/Jalan_Alternatif_di_Jakbar_Ditutup_saat_Jakarta_Marathon
2014-10-24T00:00:00Z,1899-12-31T05:20:03Z,Fasilitas Taman Sukabumi Banyak yang Rusak,https://beritajakarta.com/read/5812/Fasilitas_Taman_Sukabumi_Banyak_yang_Rusak
2014-10-24T00:00:00Z,1899-12-31T05:55:08Z,127 Proyek Jalan di Jakbar Terkendala,https://beritajakarta.com/read/5814/127_Proyek_Jalan_di_Jakbar_Terkendala
2014-10-24T00:00:00Z,1899-12-31T06:17:19Z,25 Sapi di Jakpus Divaksin Brucella Abortus,https://beritajakarta.com/read/5773/25_Sapi_di_Jakpus_Divaksin_Brucella_Abortus__
2014-10-24T00:00:00Z,1899-12-31T07:00:09Z,"26 Oktober, HBKB Ditiadakan","https://beritajakarta.com/read/5825/26_Oktober,_HBKB_Ditiadakan"
2014-10-24T00:00:00Z,1899-12-31T07:20:35Z,DKI Terima Bantuan 2 Truk Sampah,https://beritajakarta.com/read/5827/DKI_Terima_Bantuan_2_Truk_Sampah
2014-10-24T00:00:00Z,1899-12-31T07:45:12Z,Ketua DPRD DKI Gunakan Mobil Dinas Eks Jokowi,https://beritajakarta.com/read/5826/Ketua_DPRD_DKI_Gunakan_Mobil_Dinas_Eks_Jokowi
2014-10-24T00:00:00Z,1899-12-31T08:05:10Z,"Kena Polusi, Emas Puncak Monas Pudar","https://beritajakarta.com/read/5822/Kena_Polusi,_Emas_Puncak_Monas_Pudar"
2014-10-24T00:00:00Z,1899-12-31T08:35:09Z,Museum Sejarah Jakarta Dipercantik,https://beritajakarta.com/read/5819/Museum_Sejarah_Jakarta_Dipercantik
2014-10-24T00:00:00Z,1899-12-31T09:10:52Z,Stasiun Kereta Belum Terintegrasi dengan Transjakarta,https://beritajakarta.com/read/5824/Stasiun_Kereta_Belum_Terintegrasi_dengan_Transjakarta
2014-10-24T00:00:00Z,1899-12-31T09:20:03Z,Tempat Hiburan Malam Wajib Tutup Lebih Awal,https://beritajakarta.com/read/5823/Tempat_Hiburan_Malam_Wajib_Tutup_Lebih_Awal
2014-10-25T00:00:00Z,1899-12-31T01:25:50Z,"Pecah Pembuluh Darah, Wakil Camat Tambora Meninggal","https://beritajakarta.com/read/5831/Pecah_Pembuluh_Darah,_Wakil_Camat_Tambora_Meninggal"
2014-10-25T00:00:00Z,1899-12-31T02:10:49Z,2 Bangunan di Jalur Hijau Dibongkar,https://beritajakarta.com/read/5828/2_Bangunan_di_Jalur_Hijau_Dibongkar
2014-10-25T00:00:00Z,1899-12-31T03:17:38Z,1.000 Warga Meriahkan Pawai Tahun Baru Islam,https://beritajakarta.com/read/5830/1.000_Warga_Meriahkan_Pawai_Tahun_Baru_Islam
2014-10-25T00:00:00Z,1899-12-31T04:12:09Z,"Besok, Jam Operasional Transjakarta Berubah","https://beritajakarta.com/read/5829/Besok,_Jam_Operasional_Transjakarta_Berubah"
2014-10-25T00:00:00Z,1899-12-31T04:55:21Z,Warga Temukan 2 Granat Aktif di Menteng,https://beritajakarta.com/read/5836/Warga_Temukan_2_Granat_Aktif_di_Menteng
2014-10-25T00:00:00Z,1899-12-31T06:26:57Z,Jabatan Kepala PTSP Diminati Banyak Pejabat,https://beritajakarta.com/read/5833/Jabatan_Kepala_PTSP_Diminati_Banyak_Pejabat
2014-10-25T00:00:00Z,1899-12-31T07:37:42Z,Terowongan Penyeberangan Orang Tamansari Tidak Terawat,https://beritajakarta.com/read/5835/Terowongan_Penyeberangan_Orang_Tamansari_Tidak_Terawat
2014-10-25T00:00:00Z,1899-12-31T08:10:31Z,Vaksin Buatan Perancis Efektif Sembuhkan DBD,https://beritajakarta.com/read/5832/Vaksin_Buatan_Perancis_Efektif_Sembuhkan_DBD_
2014-10-26T00:00:00Z,1899-12-31T10:43:25Z,Jokowi Batal Ikut Jakarta Marathon,https://beritajakarta.com/read/5837/Jokowi_Batal_Ikut_Jakarta_Marathon
2014-10-26T00:00:00Z,1899-12-31T12:26:36Z,750 Petugas Jaga Kebersihan Jakarta Marathon,https://beritajakarta.com/read/5838/750_Petugas_Jaga_Kebersihan_Jakarta_Marathon
2014-10-26T00:00:00Z,1899-12-31T01:15:51Z,Bangunan di Lahan Fasos Fasum Dirobohkan,https://beritajakarta.com/read/5840/Bangunan_di_Lahan_Fasos_Fasum_Dirobohkan
2014-10-26T00:00:00Z,1899-12-31T02:30:35Z,Pelari Kenya Berjaya di Jakarta Marathon 2014,https://beritajakarta.com/read/5842/Pelari_Kenya_Berjaya_di_Jakarta_Marathon_2014
2014-10-26T00:00:00Z,1899-12-31T03:10:15Z,"Percepat Pemadaman, Hidran Kering Ditambah","https://beritajakarta.com/read/5839/Percepat_Pemadaman,__Hidran_Kering_Ditambah"
2014-10-26T00:00:00Z,1899-12-31T04:20:35Z,312 Titik Jalan dan Jembatan Diperbaiki,https://beritajakarta.com/read/5845/312_Titik_Jalan_dan_Jembatan_Diperbaiki
2014-10-26T00:00:00Z,1899-12-31T05:18:44Z,6 Rumah di Tanah Abang Hangus Terbakar,https://beritajakarta.com/read/5847/6_Rumah_di_Tanah_Abang_Hangus_Terbakar
2014-10-26T00:00:00Z,1899-12-31T06:03:49Z,Jakarta Marathon Promosikan Ikon Ibu Kota,https://beritajakarta.com/read/5844/Jakarta_Marathon_Promosikan_Ikon_Ibu_Kota
2014-10-27T00:00:00Z,1899-12-31T10:28:43Z,Kadis PU DKI Terancam Dicopot,https://beritajakarta.com/read/5849/Kadis_PU_DKI_Terancam_Dicopot
2014-10-27T00:00:00Z,1899-12-31T11:23:42Z,Warga Sekitar Waduk Rawa Lindung Khawatir Banjir,https://beritajakarta.com/read/5850/Warga_Sekitar_Waduk_Rawa_Lindung_Khawatir_Banjir
2014-10-27T00:00:00Z,1899-12-31T12:38:28Z,45 Bangunan Liar di Kolong Stasiun Dibongkar,https://beritajakarta.com/read/5851/45_Bangunan_Liar_di_Kolong_Stasiun_Dibongkar
2014-10-27T00:00:00Z,1899-12-31T01:12:22Z,10 Kamar Kos & 2 Gudang di Bintaro Terbakar,https://beritajakarta.com/read/5852/10_Kamar_Kos_&_2_Gudang_di_Bintaro_Terbakar
2014-10-27T00:00:00Z,1899-12-31T02:00:37Z,Pemprov DKI Batal Ubah Mekanisme Pemilihan RT/RW,https://beritajakarta.com/read/5853/Pemprov_DKI_Batal_Ubah_Mekanisme_Pemilihan_RT/RW_
2014-10-27T00:00:00Z,1899-12-31T02:31:53Z,"Ahok Minta Walikota, Camat & Lurah Mau Bersihkan Selokan","https://beritajakarta.com/read/5855/Ahok_Minta_Walikota,_Camat_&_Lurah_Mau_Bersihkan_Selokan"
2014-10-27T00:00:00Z,1899-12-31T03:13:21Z,400 Bangunan di Kemayoran Dibongkar,https://beritajakarta.com/read/5858/400_Bangunan_di_Kemayoran_Dibongkar
2014-10-27T00:00:00Z,1899-12-31T03:47:23Z,Pegawai ULP DKI Dilarang Makan di Restoran Mewah,https://beritajakarta.com/read/5857/Pegawai_ULP_DKI_Dilarang_Makan_di_Restoran_Mewah
2014-10-27T00:00:00Z,1899-12-31T03:55:49Z,Pergantian Pejabat DKI Akan Dipercepat,https://beritajakarta.com/read/5862/Pergantian_Pejabat_DKI_Akan_Dipercepat
2014-10-27T00:00:00Z,1899-12-31T04:15:43Z,4 Pegawai Dishub Ditetapkan Jadi Tersangka,https://beritajakarta.com/read/5860/4_Pegawai_Dishub_Ditetapkan_Jadi_Tersangka
2014-10-27T00:00:00Z,1899-12-31T04:41:36Z,Layanan Kelurahan Kelapa Gading Barat Dipindah,https://beritajakarta.com/read/5856/Layanan_Kelurahan_Kelapa_Gading_Barat_Dipindah_
2014-10-27T00:00:00Z,1899-12-31T05:20:12Z,80 Lapak PKL di Taman Sari Ditertibkan,https://beritajakarta.com/read/5861/80_Lapak_PKL_di_Taman_Sari_Ditertibkan
2014-10-27T00:00:00Z,1899-12-31T05:40:29Z,"Pipa Air Bocor, Jalan Raya Menteng Tergenang","https://beritajakarta.com/read/5867/Pipa_Air_Bocor,__Jalan_Raya_Menteng__Tergenang"
2014-10-27T00:00:00Z,1899-12-31T05:55:18Z,Kepala Badan PTSP Dilantik Pekan Ini,https://beritajakarta.com/read/5863/Kepala_Badan_PTSP_Dilantik_Pekan_Ini
2014-10-27T00:00:00Z,1899-12-31T06:45:12Z,Mobil Pelat Merah Kena Derek,https://beritajakarta.com/read/5870/Mobil_Pelat_Merah_Kena_Derek
2014-10-27T00:00:00Z,1899-12-31T07:05:41Z,Taman di Jl Tubagus Angke Mulai Diperbaiki,https://beritajakarta.com/read/5859/Taman_di_Jl_Tubagus_Angke_Mulai_Diperbaiki
2014-10-27T00:00:00Z,1899-12-31T07:33:42Z,"Sedang Dikonservasi, Museum Fatahillah Tutup","https://beritajakarta.com/read/5864/Sedang_Dikonservasi,_Museum_Fatahillah_Tutup"
2014-10-27T00:00:00Z,1899-12-31T07:51:49Z,525 Petugas Kebersihan Disiagakan Antisipasi Banjir,https://beritajakarta.com/read/5866/525_Petugas_Kebersihan_Disiagakan_Antisipasi_Banjir
2014-10-27T00:00:00Z,1899-12-31T08:00:11Z,Pertanian Sekitar Perumahan Atasi Lahan Minim,https://beritajakarta.com/read/5865/Pertanian_Sekitar_Perumahan_Atasi_Lahan_Minim
2014-10-27T00:00:00Z,1899-12-31T10:41:39Z,Sentra Bisnis di Terminal Akan Dilelang,https://beritajakarta.com/read/5873/Sentra_Bisnis_di_Terminal_Akan_Dilelang
2014-10-28T00:00:00Z,1899-12-31T10:32:57Z,Basuki Ingatkan Pentingnya Revolusi Mental,https://beritajakarta.com/read/5875/Basuki_Ingatkan_Pentingnya_Revolusi_Mental
2014-10-28T00:00:00Z,1899-12-31T11:07:09Z,Sudin Sosial Jaktim Kewalahan Hadapi PMKS,https://beritajakarta.com/read/5876/Sudin_Sosial_Jaktim_Kewalahan_Hadapi_PMKS
2014-10-28T00:00:00Z,1899-12-31T11:50:06Z,Warga Resah Tempat Hiburan Buka Sampai Subuh,https://beritajakarta.com/read/5877/Warga_Resah_Tempat_Hiburan_Buka_Sampai_Subuh
2014-10-28T00:00:00Z,1899-12-31T12:28:14Z,Dokumen Proyek JEDI Akhirnya Ditandatangani,https://beritajakarta.com/read/5879/Dokumen_Proyek_JEDI_Akhirnya_Ditandatangani
2014-10-28T00:00:00Z,1899-12-31T01:15:07Z,Jakpus Baru Miliki 42 Taman Bacaan Masyarakat,https://beritajakarta.com/read/5878/Jakpus_Baru_Miliki_42_Taman_Bacaan_Masyarakat
2014-10-28T00:00:00Z,1899-12-31T02:23:17Z,Taman di Cengkareng Minim Penerangan,https://beritajakarta.com/read/5880/Taman_di_Cengkareng_Minim_Penerangan
2014-10-28T00:00:00Z,1899-12-31T02:50:19Z,Pemprov DKI Siap Tanggulangi Banjir,https://beritajakarta.com/read/5887/Pemprov_DKI_Siap_Tanggulangi_Banjir
2014-10-28T00:00:00Z,1899-12-31T03:13:05Z,"Ditabrak Kopaja, Pemotor Luka Parah","https://beritajakarta.com/read/5888/Ditabrak_Kopaja,_Pemotor_Luka_Parah_"
2014-10-28T00:00:00Z,1899-12-31T03:57:59Z,BPBD Gelar Simulasi Penanganan Banjir,https://beritajakarta.com/read/5885/BPBD_Gelar_Simulasi_Penanganan_Banjir
2014-10-28T00:00:00Z,1899-12-31T04:05:45Z,Pemprov DKI Bantu Bekasi Rp 250 Miliar,https://beritajakarta.com/read/5891/Pemprov_DKI_Bantu_Bekasi_Rp_250_Miliar
2014-10-28T00:00:00Z,1899-12-31T04:23:22Z,Kegiatan di Monas Akan Dibatasi,https://beritajakarta.com/read/5894/Kegiatan_di_Monas_Akan_Dibatasi
2014-10-28T00:00:00Z,1899-12-31T04:50:48Z,Jalan Kampung Duri Segera Diperbaiki,https://beritajakarta.com/read/5886/Jalan_Kampung_Duri_Segera_Diperbaiki
2014-10-28T00:00:00Z,1899-12-31T05:22:11Z,100 Ribu Warga Jakut Masih Menganggur,https://beritajakarta.com/read/5883/100_Ribu_Warga_Jakut_Masih_Menganggur
2014-10-28T00:00:00Z,1899-12-31T05:48:00Z,Pengerukan Waduk Rawa Kendal Terhenti,https://beritajakarta.com/read/5897/Pengerukan_Waduk_Rawa_Kendal_Terhenti
2014-10-28T00:00:00Z,1899-12-31T06:22:29Z,DKI Pilih Beli Truk Baru daripada Perbaiki Truk Rusak,https://beritajakarta.com/read/5898/DKI_Pilih_Beli_Truk_Baru_daripada_Perbaiki_Truk_Rusak
2014-10-28T00:00:00Z,1899-12-31T06:53:10Z,Gedung Perpustakaan Jakpus Mulai Rusak,https://beritajakarta.com/read/5892/Gedung_Perpustakaan_Jakpus_Mulai_Rusak
2014-10-28T00:00:00Z,1899-12-31T07:05:31Z,Penataan Makam Pangeran Jayakarta Terkendala,https://beritajakarta.com/read/5895/Penataan_Makam_Pangeran_Jayakarta_Terkendala
2014-10-28T00:00:00Z,1899-12-31T07:40:10Z,Penyerapan APBD Sudin PU Air Jakpus Rendah,https://beritajakarta.com/read/5882/Penyerapan_APBD_Sudin_PU_Air_Jakpus_Rendah
2014-10-28T00:00:00Z,1899-12-31T08:13:17Z,"Awal November, Parkir Meter Pakai Uang Elektronik","https://beritajakarta.com/read/5900/Awal_November,_Parkir_Meter_Pakai_Uang_Elektronik"
2014-10-28T00:00:00Z,1899-12-31T08:41:28Z,"Hindari Antrean, Uji KIR Dibatasi","https://beritajakarta.com/read/5889/Hindari_Antrean,_Uji_KIR_Dibatasi"
2014-10-28T00:00:00Z,1899-12-31T09:10:54Z,Ahok Ingatkan Camat dan Lurah Laporkan Harta ke KPK,https://beritajakarta.com/read/5902/Ahok_Ingatkan_Camat_dan_Lurah_Laporkan_Harta_ke_KPK
2014-10-29T00:00:00Z,1899-12-31T11:40:26Z,Mayasari Tabrak Metromini Bikin Macet 2 Km,https://beritajakarta.com/read/5904/Mayasari_Tabrak_Metromini_Bikin_Macet_2_Km
2014-10-29T00:00:00Z,1899-12-31T12:10:13Z,PKK DKI Janji Majukan Sekolah Non Formal,https://beritajakarta.com/read/5906/PKK_DKI_Janji_Majukan_Sekolah_Non_Formal
2014-10-29T00:00:00Z,1899-12-31T12:31:17Z,"Bikin Macet, 100 PKL di Rawa Terate Ditertibkan","https://beritajakarta.com/read/5905/Bikin_Macet,_100_PKL_di_Rawa_Terate_Ditertibkan"
2014-10-29T00:00:00Z,1899-12-31T02:16:14Z,Bocah 7 Tahun Diduga Jadi Korban Pelecehan,https://beritajakarta.com/read/5907/Bocah_7_Tahun_Diduga_Jadi_Korban_Pelecehan
2014-10-29T00:00:00Z,1899-12-31T02:30:58Z,Juru Parkir Akan Dibekali GPS dan Metal Detector,https://beritajakarta.com/read/5910/Juru_Parkir_Akan_Dibekali_GPS_dan_Metal_Detector
2014-10-29T00:00:00Z,1899-12-31T02:56:18Z,"Tangerang Minta Bantuan Rp 1,5 Triliun ke DKI","https://beritajakarta.com/read/5903/Tangerang_Minta_Bantuan_Rp_1,5_Triliun_ke_DKI"
2014-10-29T00:00:00Z,1899-12-31T03:13:48Z,Ulama Diharapkan Bantu Jokowi Wujudkan Revolusi Mental,https://beritajakarta.com/read/5913/Ulama_Diharapkan_Bantu_Jokowi_Wujudkan_Revolusi_Mental
2014-10-29T00:00:00Z,1899-12-31T03:45:52Z,Stasiun Kota Kembali Marak PKL,https://beritajakarta.com/read/5911/Stasiun_Kota_Kembali_Marak_PKL
2014-10-29T00:00:00Z,1899-12-31T04:10:37Z,Material Proyek Pedestrian Bikin Macet Jl Kramat Raya,https://beritajakarta.com/read/5915/Material_Proyek_Pedestrian_Bikin_Macet_Jl_Kramat_Raya
2014-10-29T00:00:00Z,1899-12-31T04:30:17Z,Basuki Ingatkan Pentingnya Membaca,https://beritajakarta.com/read/5916/Basuki_Ingatkan_Pentingnya_Membaca
2014-10-29T00:00:00Z,1899-12-31T05:20:18Z,Ketua DPRD: Ahok Otomatis Jadi Gubernur,https://beritajakarta.com/read/5919/Ketua_DPRD:_Ahok_Otomatis_Jadi_Gubernur
2014-10-29T00:00:00Z,1899-12-31T05:52:32Z,Gedung SKKT di Jakbar Segera Diperbaiki,https://beritajakarta.com/read/5917/Gedung_SKKT_di_Jakbar_Segera_Diperbaiki
2014-10-29T00:00:00Z,1899-12-31T06:16:10Z,Ahok Minta Ulama Berantas Buta Alquran,https://beritajakarta.com/read/5920/Ahok_Minta_Ulama_Berantas_Buta_Alquran
2014-10-29T00:00:00Z,1899-12-31T07:13:20Z,Pekerja AC Tewas Tersetrum,https://beritajakarta.com/read/5924/Pekerja_AC_Tewas_Tersetrum
2014-10-29T00:00:00Z,1899-12-31T07:26:33Z,DKI Akan Publikasikan Hasil Penilaian Pejabat,https://beritajakarta.com/read/5925/DKI_Akan_Publikasikan_Hasil_Penilaian_Pejabat
2014-10-29T00:00:00Z,1899-12-31T08:08:41Z,Ceceran Semen Kering Bahayakan Pengendara,https://beritajakarta.com/read/5922/Ceceran_Semen_Kering_Bahayakan_Pengendara
2014-10-29T00:00:00Z,1899-12-31T09:11:15Z,Pemkot Jakpus Janji Bantu Siswa yang Direlokasi,https://beritajakarta.com/read/5926/Pemkot_Jakpus_Janji_Bantu_Siswa_yang_Direlokasi
2014-10-29T00:00:00Z,1899-12-31T09:30:06Z,3 Taman Kota Akan Dilengkapi Air Mancur,https://beritajakarta.com/read/5921/3_Taman_Kota_Akan_Dilengkapi_Air_Mancur
2014-10-30T00:00:00Z,1899-12-31T09:41:46Z,Warga yang Digusur Diberi Uang Kerohiman,https://beritajakarta.com/read/5928/Warga_yang_Digusur_Diberi_Uang_Kerohiman
2014-10-30T00:00:00Z,1899-12-31T10:31:10Z,Dua Pengantin Ikuti Nikah Massal di Menteng,https://beritajakarta.com/read/5929/Dua_Pengantin_Ikuti_Nikah_Massal_di_Menteng_
2014-10-30T00:00:00Z,1899-12-31T11:11:25Z,Ahok Tolak Tawaran PT Adhi Karya Bangun Monorel,https://beritajakarta.com/read/5930/Ahok_Tolak_Tawaran_PT_Adhi_Karya_Bangun_Monorel
2014-10-30T00:00:00Z,1899-12-31T11:38:50Z,940 Pedagang Pasar Enjo Tempati Kios Baru,https://beritajakarta.com/read/5918/940_Pedagang_Pasar_Enjo_Tempati_Kios_Baru
2014-10-30T00:00:00Z,1899-12-31T12:32:51Z,Warga Kramatjati Dikejutkan Penemuan Bayi,https://beritajakarta.com/read/5931/Warga_Kramatjati_Dikejutkan_Penemuan_Bayi_
2014-10-30T00:00:00Z,1899-12-31T01:26:50Z,8 Proyek Pemeliharaan Jalan Diprediksi Tak Maksimal,https://beritajakarta.com/read/5934/_8_Proyek_Pemeliharaan_Jalan_Diprediksi_Tak_Maksimal
2014-10-30T00:00:00Z,1899-12-31T02:10:56Z,Penetapan UMP DKI 2015 Terancam Molor,https://beritajakarta.com/read/5933/Penetapan_UMP_DKI_2015_Terancam_Molor
2014-10-30T00:00:00Z,1899-12-31T03:12:07Z,396 KK Tegal Alur Akan Direlokasi ke Rusunawa,https://beritajakarta.com/read/5937/396_KK_Tegal_Alur_Akan_Direlokasi_ke_Rusunawa_
2014-10-30T00:00:00Z,1899-12-31T03:25:27Z,Ahok Yakin Bisa Selesaikan Masalah Banjir,https://beritajakarta.com/read/5939/Ahok_Yakin_Bisa_Selesaikan_Masalah_Banjir
2014-10-30T00:00:00Z,1899-12-31T04:05:46Z,Pergub Ganti Rugi Pemilik Bangunan Segera Diterbitkan,https://beritajakarta.com/read/5940/Pergub_Ganti_Rugi_Pemilik_Bangunan_Segera_Diterbitkan
2014-10-30T00:00:00Z,1899-12-31T04:25:23Z,Toyota Yaris Tabrak Pembatas Jalan,https://beritajakarta.com/read/5941/Toyota_Yaris_Tabrak_Pembatas_Jalan
2014-10-30T00:00:00Z,1899-12-31T04:40:37Z,DKI Waspadai Banjir di 125 Kelurahan,https://beritajakarta.com/read/5943/DKI_Waspadai_Banjir_di_125_Kelurahan
2014-10-30T00:00:00Z,1899-12-31T05:05:01Z,"Lawan Arus, 275 Kendaraan Ditilang","https://beritajakarta.com/read/5938/Lawan_Arus,_275_Kendaraan_Ditilang"
2014-10-30T00:00:00Z,1899-12-31T05:36:01Z,Reklame Raksasa di Kalimalang Dirobohkan,https://beritajakarta.com/read/5947/Reklame_Raksasa_di_Kalimalang_Dirobohkan
2014-10-30T00:00:00Z,1899-12-31T06:38:57Z,Puluhan Tahun Saluran PHB Kedaung Kaliangke Tersumbat,https://beritajakarta.com/read/5935/Puluhan_Tahun_Saluran_PHB_Kedaung_Kaliangke_Tersumbat
2014-10-30T00:00:00Z,1899-12-31T07:05:36Z,114 Penjudi Dicokok Polisi,https://beritajakarta.com/read/5942/114_Penjudi_Dicokok_Polisi__
2014-10-30T00:00:00Z,1899-12-31T07:20:37Z,"Corat-coret Tembok, Empat Pelajar Dihukum Push Up","https://beritajakarta.com/read/5948/Corat-coret_Tembok,_Empat_Pelajar_Dihukum_Push_Up"
2014-10-30T00:00:00Z,1899-12-31T07:40:20Z,250 Industri Kecil Ramaikan Pekan Produk Kreatif,https://beritajakarta.com/read/5946/250_Industri_Kecil_Ramaikan_Pekan_Produk_Kreatif
2014-10-30T00:00:00Z,1899-12-31T08:00:22Z,Jakarta Akan Diguyur Hujan Lebat Awal November,https://beritajakarta.com/read/5945/Jakarta_Akan_Diguyur_Hujan_Lebat_Awal_November
2014-10-30T00:00:00Z,1899-12-31T10:40:05Z,Jakpus Kembangkan Destinasi Wisata Belanja,https://beritajakarta.com/read/5951/Jakpus_Kembangkan_Destinasi_Wisata_Belanja
2014-10-30T00:00:00Z,1899-12-31T10:55:01Z,Tumpukkan Sampah di Kembangan Selatan Segera Diangkut,https://beritajakarta.com/read/5944/Tumpukkan_Sampah_di_Kembangan_Selatan_Segera_Diangkut
2014-10-30T00:00:00Z,1899-12-31T11:05:25Z,Pemkot Jaktim Dapat Bantuan Mobil Perpustakaan Keliling,https://beritajakarta.com/read/5936/Pemkot_Jaktim_Dapat_Bantuan_Mobil_Perpustakaan_Keliling
2014-10-31T00:00:00Z,1899-12-31T09:53:30Z,Ahok Akan Lantik Enam Pejabat Eselon II,https://beritajakarta.com/read/5952/Ahok_Akan_Lantik_Enam_Pejabat_Eselon_II
2014-10-31T00:00:00Z,1899-12-31T12:47:53Z,"Jembatan Penghubung di TIM Roboh, 4 Pekerja Tewas","https://beritajakarta.com/read/5953/Jembatan_Penghubung_di_TIM_Roboh,_4_Pekerja_Tewas"
2014-10-31T00:00:00Z,1899-12-31T01:37:24Z,5 Kelurahan Dipasangi Alat Deteksi Banjir,https://beritajakarta.com/read/5957/5_Kelurahan_Dipasangi_Alat_Deteksi_Banjir
2014-10-31T00:00:00Z,1899-12-31T01:51:22Z,Ahok Lantik Sejumlah Pejabat Teras DKI,https://beritajakarta.com/read/5960/Ahok_Lantik_Sejumlah_Pejabat_Teras_DKI
2014-10-31T00:00:00Z,1899-12-31T02:07:51Z,Sarwo Handayani Bakal Pimpin TGUPP,https://beritajakarta.com/read/5963/Sarwo_Handayani_Bakal_Pimpin_TGUPP
2014-10-31T00:00:00Z,1899-12-31T03:08:33Z,Gorong-gorong Kali Sunter Tersumbat,https://beritajakarta.com/read/5955/Gorong-gorong_Kali_Sunter_Tersumbat
2014-10-31T00:00:00Z,1899-12-31T03:23:26Z,TPS Liar di Kembangan Selatan Dibersihkan,https://beritajakarta.com/read/5958/TPS_Liar_di_Kembangan_Selatan_Dibersihkan
2014-10-31T00:00:00Z,1899-12-31T04:06:09Z,Evakuasi Korban Jembatan Roboh di TIM Terkendala,https://beritajakarta.com/read/5966/Evakuasi_Korban_Jembatan_Roboh_di_TIM_Terkendala
2014-10-31T00:00:00Z,1899-12-31T04:21:03Z,Wanita Muda Tewas Ditabrak Truk Tronton,https://beritajakarta.com/read/5961/Wanita_Muda_Tewas_Ditabrak_Truk_Tronton
2014-10-31T00:00:00Z,1899-12-31T04:40:52Z,Musim Hujan Sampah di Jakut Diprediksi Meningkat,https://beritajakarta.com/read/5962/Musim_Hujan_Sampah_di_Jakut_Diprediksi_Meningkat
2014-10-31T00:00:00Z,1899-12-31T05:05:58Z,Petugas Damkar Tertimpa Beton,https://beritajakarta.com/read/5969/Petugas_Damkar_Tertimpa_Beton
2014-10-31T00:00:00Z,1899-12-31T05:25:53Z,DKI Targetkan 387 Ribu Titik Lampu PJU Terangi Ibu Kota,https://beritajakarta.com/read/5964/DKI_Targetkan_387_Ribu_Titik_Lampu_PJU_Terangi_Ibu_Kota
2014-10-31T00:00:00Z,1899-12-31T05:47:14Z,"Jadi Staf Biasa, TKD Rudi Berkurang","https://beritajakarta.com/read/5965/Jadi_Staf_Biasa,_TKD_Rudi_Berkurang"
2014-10-31T00:00:00Z,1899-12-31T06:30:34Z,3 Wilayah di Jaksel Rentan Peredaran Narkoba,https://beritajakarta.com/read/5954/3_Wilayah_di_Jaksel_Rentan_Peredaran_Narkoba
2014-10-31T00:00:00Z,1899-12-31T06:45:14Z,Terminal Kalideres Bau Pesing,https://beritajakarta.com/read/5970/Terminal_Kalideres_Bau_Pesing
2014-10-31T00:00:00Z,1899-12-31T07:10:05Z,Fraksi DPRD Sepakat Basuki Dilantik jadi Gubernur,https://beritajakarta.com/read/5973/Fraksi_DPRD_Sepakat_Basuki_Dilantik_jadi_Gubernur
2014-10-31T00:00:00Z,1899-12-31T07:20:52Z,Warga Kebon Jeruk Terima Ganti Rugi Lahan,https://beritajakarta.com/read/5972/Warga_Kebon_Jeruk_Terima_Ganti_Rugi_Lahan
2014-10-31T00:00:00Z,1899-12-31T07:30:55Z,10 Rumah & Musala di Pinang Ranti Terbakar,https://beritajakarta.com/read/5975/10_Rumah_&_Musala_di_Pinang_Ranti_Terbakar
2014-10-31T00:00:00Z,1899-12-31T08:05:11Z,34 Warga Waduk Pluit Pindah ke Rusunawa,https://beritajakarta.com/read/5971/34_Warga_Waduk_Pluit_Pindah_ke_Rusunawa
2014-10-31T00:00:00Z,1899-12-31T08:41:21Z,Tiang Pancang MRT Mulai Dipasang di Blok M,https://beritajakarta.com/read/5974/Tiang_Pancang_MRT_Mulai_Dipasang_di_Blok_M_
2014-10-31T00:00:00Z,1899-12-31T09:15:23Z,Dua Sodetan Saluran di Jaktim Gagal Dikerjakan,https://beritajakarta.com/read/5968/Dua_Sodetan_Saluran_di_Jaktim_Gagal_Dikerjakan
2014-10-31T00:00:00Z,1899-12-31T11:23:44Z,Pemprov DKI Tunggu Hasil Penyelidikan Robohnya Jembatan TIM,https://beritajakarta.com/read/5977/Pemprov_DKI_Tunggu_Hasil_Penyelidikan_Robohnya_Jembatan_TIM
